Compound_code	Compound_name	Metabolite_score	Sim_Median	Sim_IQR_25	Sim_IQR_75	Sim_Lower_95_interval	Sim_Upper_95_interval	Significance
C05528	3-Sulfopyruvate	-7.366	-4.585	-5.883	-3.392	-4.67046013274	-4.53572568923	n.s.
C05527	3-Sulfinylpyruvate	0.0	0.0	0.0	0.0	0.0	0.0	n.s.
C00027	Hydrogen_peroxide	-8.077	-4.0	-5.524	-2.322	-4.08024507449	-3.96626917759	*
C02876	Propanoyl_phosphate	-2.17	0.0	-3.644	3.7	-0.0529350201755	0.0537485111551	n.s.
C16242	Cobalt-precorrin_5A	1.0	0.0	-4.7	4.585	-0.0682751357917	0.0666045739585	n.s.
C16243	Cobalt-precorrin_5B	-2.585	0.0	-4.585	4.644	-0.0666045739585	0.067461644812	n.s.
C06723	6-Carboxyhex-2-enoyl-CoA	6.248	4.0	2.322	5.555	3.96626917759	4.08069539986	n.s.
C00944	3-Dehydroquinate	-1.0	-3.907	-5.524	-2.322	-3.98724507449	-3.87326917759	n.s.
C16595	4-Hydroxy-5-phenyltetrahydro-1,3-oxazin-2-one	3.585	4.0	2.322	5.524	3.96626917759	4.08024507449	n.s.
C02430	L-Methionyl-tRNA	-3.459	0.0	-4.644	4.644	-0.067461644812	0.067461644812	n.s.
C04332	6,7-Dimethyl-8-(D-ribityl)lumazine	-0.0	0.0	-4.644	4.644	-0.067461644812	0.067461644812	n.s.
C14819	Fe3+	-7.066	-4.0	-5.524	-2.322	-4.08024507449	-3.96626917759	n.s.
C14818	Fe2+	7.066	4.0	2.322	5.524	3.96626917759	4.08024507449	n.s.
C00431	5-Aminopentanoate	-9.947	-4.615	-5.907	-3.392	-4.70080877173	-4.56572568923	*
C00437	N-Acetylornithine	0.0	2.35	-4.162	5.009	2.28954018826	2.4227638628	n.s.
C01451	Salicin	4.0	4.0	2.322	5.524	3.96626917759	4.08024507449	n.s.
C00438	N-Carbamoyl-L-aspartate	-3.392	0.0	-3.644	3.644	-0.0529350201755	0.0529350201755	n.s.
C00826	L-Arogenate	0.0	4.0	2.322	5.555	3.96626917759	4.08069539986	n.s.
C00534	Pyridoxamine	0.0	0.0	0.0	0.0	0.0	0.0	n.s.
C00469	Ethanol	5.741	4.6	3.459	5.883	4.54975240538	4.68546013274	n.s.
C01181	4-Trimethylammoniobutanoate	-0.0	-4.0	-5.459	-2.322	-4.07930084389	-3.96626917759	n.s.
C04877	UDP-N-acetylmuramoyl-L-alanyl-D-gamma-glutamyl-meso-2,6-diaminopimelate	-3.322	0.0	-4.644	4.7	-0.067461644812	0.0682751357917	n.s.
C04874	2-Amino-4-hydroxy-6-(D-erythro-1,2,3-trihydroxypropyl)-7,8-dihydropteridine	3.907	4.087	2.322	5.555	4.05326917759	4.16769539986	n.s.
C01185	Nicotinate_D-ribonucleotide	4.524	2.585	-4.322	5.129	2.52221592832	2.65950705776	n.s.
C15812	[Enzyme]-S-sulfanylcysteine	-4.459	0.0	-4.7	4.7	-0.0682751357917	0.0682751357917	n.s.
C15813	C15813	0.0	0.0	0.0	0.0	0.0	0.0	n.s.
C15810	C15810	0.0	0.0	0.0	0.0	0.0	0.0	n.s.
C15811	[Enzyme]-cysteine	5.209	4.0	2.322	5.555	3.96626917759	4.08069539986	n.s.
C15814	C15814	0.0	0.0	0.0	0.0	0.0	0.0	n.s.
C15815	C15815	0.0	0.0	-3.644	3.585	-0.0529350201755	0.0520779493219	n.s.
C16688	Sucrose_6-phosphate	0.0	0.0	-4.644	4.644	-0.067461644812	0.067461644812	n.s.
C05752	Octanoyl-[acp]	4.392	0.0	-4.7	4.585	-0.0682751357917	0.0666045739585	n.s.
C00794	D-Sorbitol	4.548	5.027	4.07	5.982	4.96787663773	5.11389826858	n.s.
C05840	Iminoaspartate	-0.0	0.0	-4.644	4.644	-0.067461644812	0.067461644812	n.s.
C00886	L-Alanyl-tRNA	-4.644	-4.0	-5.459	-2.322	-4.07930084389	-3.96626917759	n.s.
C00506	L-Cysteate	7.366	4.585	3.392	5.883	4.53572568923	4.67046013274	n.s.
C01233	sn-Glycero-3-phosphoethanolamine	2.807	4.0	2.322	5.555	3.96626917759	4.08069539986	n.s.
C00226	Primary_alcohol	5.741	4.6	3.459	5.883	4.54975240538	4.68546013274	n.s.
C00222	3-Oxopropanoate	0.0	0.0	0.0	0.0	0.0	0.0	n.s.
C00221	beta-D-Glucose	4.907	4.0	2.322	5.524	3.96626917759	4.08024507449	n.s.
C00385	Xanthine	-3.085	1.28	-3.787	4.269	1.2249876725	1.34201416057	n.s.
C00387	Guanosine	4.624	4.544	3.322	5.816	4.49574255296	4.62848684889	n.s.
C02504	alpha-Isopropylmalate	0.0	2.196	-4.022	4.845	2.13757391571	2.26638149636	n.s.
C00229	Acyl-carrier_protein	2.807	0.0	-4.644	4.644	-0.067461644812	0.067461644812	n.s.
C00499	Allantoate	3.807	4.0	2.322	5.524	3.96626917759	4.08024507449	n.s.
C00380	Cytosine	0.0	0.0	0.0	0.0	0.0	0.0	n.s.
C16396	2,4-Diamino-6-nitrotoluene	7.187	4.891	3.841	5.97	4.83520323477	4.97772394908	n.s.
C14463	(R)-3-Hydroxy-3-methyl-2-oxopentanoate	0.0	0.0	0.0	0.0	0.0	0.0	n.s.
C00546	Methylglyoxal	-4.907	-4.615	-5.907	-3.392	-4.70080877173	-4.56572568923	n.s.
C16399	2,4-Diamino-6-hydroxylaminotoluene	-7.187	-4.891	-5.97	-3.841	-4.97772394908	-4.83520323477	n.s.
C16217	3-Hydroxyoctadecanoyl-CoA	-5.129	-4.0	-5.524	-2.322	-4.08024507449	-3.96626917759	n.s.
C02291	L-Cystathionine	3.807	4.0	2.322	5.524	3.96626917759	4.08024507449	n.s.
C00364	dTMP	-3.17	0.0	-4.644	4.644	-0.067461644812	0.067461644812	n.s.
C00365	dUMP	1.415	2.0	-3.222	4.15	1.95319521542	2.06028549224	n.s.
C00362	dGMP	0.0	0.0	0.0	0.0	0.0	0.0	n.s.
C16244	Cobalt-precorrin_7	0.0	0.0	-4.7	4.585	-0.0682751357917	0.0666045739585	n.s.
C00360	dAMP	0.0	0.0	0.0	0.0	0.0	0.0	n.s.
C00008	ADP	-5.555	-2.115	-4.644	4.0	-2.18246164481	-2.05689350145	n.s.
C00007	Oxygen	8.077	4.0	2.322	5.524	3.96626917759	4.08024507449	*
C00006	NADP+	-3.907	-4.0	-5.524	-2.322	-4.08024507449	-3.96626917759	n.s.
C00003	NAD+	-1.874	-2.415	-5.102	4.346	-2.4891148389	-2.35186728933	n.s.
C00002	ATP	5.821	3.783	-3.33025	5.224	3.7346227083	3.8588870871	n.s.
C00369	Starch	4.492	0.0	-4.21425	4.229	-0.0612188278745	0.0614330955879	n.s.
C05703	Methaneselenol	-7.353	-4.615	-5.858	-3.459	-4.70009696712	-4.56475240538	n.s.
C06613	trans-3-Chloroallyl_aldehyde	-3.977	-0.848	-3.453	2.472	-0.89816043487	-0.812090183899	n.s.
C06507	Adenosyl_cobyrinate_hexaamide	0.0	0.0	-4.433	4.263	-0.0643965270137	0.0619270008255	n.s.
C16619	6-Thioguanosine_monophosphate	-4.977	-4.615	-5.907	-3.392	-4.70080877173	-4.56572568923	n.s.
C11062	4-Hydroxybutyryl-CoA	7.622	4.0	2.322	5.524	3.96626917759	4.08024507449	n.s.
C02612	(R)-2-Methylmalate	0.0	4.555	3.459	5.833	4.50475240538	4.6397338015	*
C16615	6-Methylthiopurine_5'-monophosphate_ribonucleotide	-4.248	-4.0	-5.585	-2.322	-4.08113119859	-3.96626917759	n.s.
C16614	6-Methylmercaptopurine	4.248	4.0	2.322	5.585	3.96626917759	4.08113119859	n.s.
C00645	N-Acetyl-D-mannosamine	-1.907	-4.508	-5.781	-3.248	-4.59197841702	-4.46081752318	n.s.
C00099	beta-Alanine	-0.874	-1.503	-4.415	3.807	-1.56713504777	-1.44769714001	n.s.
C00311	Isocitrate	0.0	0.0	-3.272	3.388	-0.0475311158107	0.0492162042685	n.s.
C00310	D-Xylulose	-3.0	0.0	-4.644	4.644	-0.067461644812	0.067461644812	n.s.
C00641	1,2-Diacyl-sn-glycerol	2.848	0.0	-4.379	4.322	-0.0636120892833	0.0627840716791	n.s.
C01931	L-Lysyl-tRNA	-6.087	-4.0	-5.524	-2.322	-4.08024507449	-3.96626917759	n.s.
C00315	Spermidine	0.0	0.0	0.0	0.0	0.0	0.0	n.s.
C00314	Pyridoxine	2.585	4.0	2.322	5.524	3.96626917759	4.08024507449	n.s.
C00091	Succinyl-CoA	6.163	1.322	-1.536	3.062	1.29968710456	1.36648052464	*
C00760	Cellulose	0.0	0.0	-4.101	4.059	-0.0595736876344	0.0589635693997	n.s.
C00093	sn-Glycerol_3-phosphate	3.871	2.648	-4.334	4.968	2.58504160883	2.72016827119	n.s.
C00094	Sulfite	-0.636	0.0	-0.327	1.734	-0.00475020625614	0.0251891671197	n.s.
C00095	D-Fructose	-1.17	2.644	-4.644	5.15	2.57653835519	2.71881211688	n.s.
C00096	GDP-mannose	0.0	0.0	0.0	0.0	0.0	0.0	n.s.
C00097	L-Cysteine	4.073	1.577	-4.322	4.661	1.51421592832	1.64470859743	n.s.
C14099	2-Naphthaldehyde	-5.741	-4.6	-5.883	-3.459	-4.68546013274	-4.54975240538	n.s.
C06311	Galactitol_1-phosphate	-4.841	-4.891	-6.007	-3.841	-4.97826143419	-4.83520323477	n.s.
C00433	2,5-Dioxopentanoate	0.0	4.0	2.322	5.459	3.96626917759	4.07930084389	n.s.
C14090	1-Naphthaldehyde	-5.741	-4.6	-5.883	-3.459	-4.68546013274	-4.54975240538	n.s.
C14095	2-Hydroxy-3-carboxybenzalpyruvate	6.248	4.0	2.322	5.555	3.96626917759	4.08069539986	n.s.
C15667	5-Carboxyamino-1-(5-phospho-D-ribosyl)imidazole	3.17	4.0	2.322	5.524	3.96626917759	4.08024507449	n.s.
C14096	3-Formylsalicylic_acid	-6.248	-4.0	-5.555	-2.322	-4.08069539986	-3.96626917759	n.s.
C02702	L-Prolyl-tRNA(Pro)	-6.943	-4.087	-5.615	-2.322	-4.16856699733	-4.05326917759	n.s.
C04732	5-Amino-6-(1-D-ribitylamino)uracil	0.0	0.0	-4.644	4.644	-0.067461644812	0.067461644812	n.s.
C04734	1-(5'-Phosphoribosyl)-5-formamido-4-imidazolecarboxamide	0.0	0.0	0.0	0.0	0.0	0.0	n.s.
C05172	Selenophosphoric_acid	0.0	4.0	2.322	5.459	3.96626917759	4.07930084389	n.s.
C11948	2,6-Dimethyl-5-methylene-3-oxo-heptanoyl-CoA	1.585	4.087	2.322	5.585	4.05326917759	4.16813119859	n.s.
C11949	3-Isopropylbut-3-enoyl-CoA	-1.585	-4.087	-5.585	-2.322	-4.16813119859	-4.05326917759	n.s.
C05775	alpha-Ribazole	-1.0	0.0	-4.059	4.115	-0.0589635693997	0.0597770603793	n.s.
C07118	Benzoyl_acetyl-CoA	1.585	4.087	2.322	5.585	4.05326917759	4.16813119859	n.s.
C05773	Cobyrinate	-3.0	-4.0	-5.555	-2.322	-4.08069539986	-3.96626917759	n.s.
C05778	Sirohydrochlorin	2.585	0.0	-3.644	3.644	-0.0529350201755	0.0529350201755	n.s.
C05670	3-Aminopropiononitrile	2.322	3.907	2.322	5.459	3.87326917759	3.98630084389	n.s.
C00164	Acetoacetate	-4.409	-2.322	-4.531	3.555	-2.38782013623	-2.27035784942	n.s.
C00166	Phenylpyruvate	4.657	1.107	-2.054	3.206	1.077162313	1.15357235858	n.s.
C00167	UDP-glucuronate	-4.17	-4.0	-5.492	-2.322	-4.0797802225	-3.96626917759	n.s.
C00160	Glycolate	7.64	0.0	-4.17	4.229	-0.0605760247343	0.0614330955879	*
C03794	N6-(1,2-Dicarboxyethyl)-AMP	0.0	0.0	-3.059	3.17	-0.0444369447631	0.0460494000978	n.s.
C00162	Fatty_acid	0.0	4.0	2.322	5.459	3.96626917759	4.07930084389	n.s.
C00163	Propanoate	6.57	4.0	2.322	5.555	3.96626917759	4.08069539986	n.s.
C02984	L-Aspartyl-tRNA(Asp)	-5.087	-4.0	-5.524	-2.322	-4.08024507449	-3.96626917759	n.s.
C02987	L-Glutamyl-tRNA(Glu)	-4.17	-4.0	-5.555	-2.322	-4.08069539986	-3.96626917759	n.s.
C00169	Carbamoyl_phosphate	-3.269	-1.363	-4.865	4.37	-1.43367202886	-1.29951865034	n.s.
C02047	L-Leucyl-tRNA	-5.209	-4.0	-5.585	-2.322	-4.08113119859	-3.96626917759	n.s.
C03082	4-Phospho-L-aspartate	-1.678	0.0	-4.322	4.433	-0.0627840716791	0.0643965270137	n.s.
C04377	5,10-Methylenetetrahydromethanopterin	-5.044	-3.907	-5.459	-2.322	-3.98630084389	-3.87326917759	n.s.
C04376	5'-Phosphoribosyl-N-formylglycinamide	4.0	0.0	-4.644	4.644	-0.067461644812	0.067461644812	n.s.
C20396	Methylphosphonate	0.0	5.033	4.109	5.977	4.97331009937	5.11982563545	*
C20258	(2S,4S)-4-Hydroxy-2,3,4,5-tetrahydrodipicolinate	-6.974	0.0	-4.215	4.215	-0.061229722843	0.061229722843	n.s.
C03089	5-Methylthio-D-ribose	0.0	0.0	0.0	0.0	0.0	0.0	n.s.
C00860	L-Histidinol	-2.322	0.0	-4.585	4.644	-0.0666045739585	0.067461644812	n.s.
C00862	Methanofuran	0.0	0.0	0.0	0.0	0.0	0.0	n.s.
C02962	D-Allose_6-phosphate	5.248	4.0	2.322	5.555	3.96626917759	4.08069539986	n.s.
C00864	Pantothenate	4.322	0.0	-4.644	4.585	-0.067461644812	0.0666045739585	n.s.
C04272	(R)-2,3-Dihydroxy-3-methylbutanoate	0.907	0.0	-4.022	4.022	-0.0584260842881	0.0584260842881	n.s.
C04501	N-Acetyl-alpha-D-glucosamine_1-phosphate	0.0	0.0	0.0	0.0	0.0	0.0	n.s.
C00906	5,6-Dihydrothymine	3.17	3.907	2.322	5.555	3.87326917759	3.98769539986	n.s.
C01419	Cys-Gly	6.607	2.585	-4.209	5.15	2.5238574369	2.65981211688	n.s.
C16186	L-Ascorbate_6-phosphate	-5.392	-4.615	-5.87975	-3.392	-4.70041292121	-4.56572568923	n.s.
C01149	4-Trimethylammoniobutanal	0.0	4.0	2.322	5.459	3.96626917759	4.07930084389	n.s.
C01144	(S)-3-Hydroxybutanoyl-CoA	5.732	-0.958	-3.571	2.69625	-1.00987457658	-0.918832588324	n.s.
C01146	2-Hydroxy-3-oxopropanoate	0.0	-4.0	-5.492	-2.322	-4.0797802225	-3.96626917759	n.s.
C04421	N-Succinyl-LL-2,6-diaminoheptanedioate	0.0	0.0	0.0	0.0	0.0	0.0	n.s.
C01142	(3S)-3,6-Diaminohexanoate	-4.322	-4.0	-5.524	-2.322	-4.08024507449	-3.96626917759	n.s.
C06510	Adenosine-GDP-cobinamide	-2.807	0.0	-4.7	4.644	-0.0682751357917	0.067461644812	n.s.
C03561	(R)-3-Hydroxybutanoyl-CoA	8.087	3.907	2.322	5.459	3.87326917759	3.98630084389	*
C03402	L-Asparaginyl-tRNA(Asn)	-4.459	-3.907	-5.524	-2.322	-3.98724507449	-3.87326917759	n.s.
C03406	N-(L-Arginino)succinate	-3.0	-4.0	-5.555	-2.322	-4.08069539986	-3.96626917759	n.s.
C05512	Deoxyinosine	4.17	0.0	-4.115	4.059	-0.0597770603793	0.0589635693997	n.s.
C04181	3-Hydroxy-3-methyl-2-oxobutanoic_acid	0.0	0.0	0.0	0.0	0.0	0.0	n.s.
C07645	Aldophosphamide	3.585	4.0	2.322	5.524	3.96626917759	4.08024507449	n.s.
C07648	Thioguanine	4.248	4.0	2.322	5.585	3.96626917759	4.08113119859	n.s.
C05519	L-Allothreonine	0.0	0.0	0.0	0.0	0.0	0.0	n.s.
C00327	L-Citrulline	2.926	-2.138	-5.018	4.433	-2.21089460243	-2.07360347299	n.s.
C00692	UDP-N-acetylmuramoyl-L-alanyl-D-glutamate	-1.0	0.0	-4.858	4.644	-0.0705703424842	0.067461644812	n.s.
C02320	R-S-Glutathione	2.322	3.907	2.322	5.459	3.87326917759	3.98630084389	n.s.
C00084	Acetaldehyde	3.74	-1.71	-4.38	3.907	-1.77362661591	-1.65324447755	n.s.
C02463	Precorrin_2	1.0	3.907	2.322	5.492	3.87326917759	3.9867802225	n.s.
C05269	3-Oxohexanoyl-CoA	-8.322	-4.0	-5.524	-2.322	-4.08024507449	-3.96626917759	*
C03232	3-Phosphonooxypyruvate	-1.0	-4.0	-5.524	-2.322	-4.08024507449	-3.96626917759	n.s.
C18096	D-Allulose_6-phosphate	-5.248	-4.0	-5.555	-2.322	-4.08069539986	-3.96626917759	n.s.
C00269	CDP-diacylglycerol	0.585	2.459	-4.358	5.15	2.39569296983	2.53381211688	n.s.
C09814	Benzonitrile	5.129	4.0	2.322	5.524	3.96626917759	4.08024507449	n.s.
C11539	Cobalt-precorrin_3	3.585	3.907	2.322	5.459	3.87326917759	3.98630084389	n.s.
C11538	Cobalt-sirohydrochlorin	-3.807	-4.0	-5.524	-2.322	-4.08024507449	-3.96626917759	n.s.
C00263	L-Homoserine	0.0	0.0	-1.115	1.059	-0.0161971864697	0.0153836954901	n.s.
C00262	Hypoxanthine	2.841	-1.585	-4.1535	3.298	-1.64533633543	-1.53709119195	n.s.
C13629	1,2-Bis(4-hydroxyphenyl)-2-propanol	0.0	0.0	0.0	0.0	0.0	0.0	n.s.
C16216	3-Oxostearoyl-CoA	5.129	4.0	2.322	5.524	3.96626917759	4.08024507449	n.s.
C00267	alpha-D-Glucose	3.976	1.794	-3.814	4.49	1.73859545364	1.85922454462	n.s.
C00266	Glycolaldehyde	-3.907	-4.087	-5.555	-2.322	-4.16769539986	-4.05326917759	n.s.
C04494	Guanosine_3'-diphosphate_5'-triphosphate	-3.17	0.0	-4.644	4.644	-0.067461644812	0.067461644812	n.s.
C00402	D-Aspartate	-4.392	-4.087	-5.585	-2.322	-4.16813119859	-4.05326917759	n.s.
C00460	dUTP	3.0	3.907	2.322	5.524	3.87326917759	3.98724507449	n.s.
C00286	dGTP	-5.026	3.478	-4.301	5.229	3.41552098744	3.55395972022	n.s.
C00283	Hydrogen_sulfide	1.974	-1.788	-3.848	2.544	-1.8438984516	-1.75104426692	n.s.
C00282	Hydrogen	-4.954	-4.0	-5.555	-2.322	-4.08069539986	-3.96626917759	n.s.
C00320	Thiosulfate	0.0	0.0	0.0	0.0	0.0	0.0	n.s.
C01962	Thiocysteine	-3.807	-4.0	-5.524	-2.322	-4.08024507449	-3.96626917759	n.s.
C00088	Nitrite	0.0	0.0	0.0	0.0	0.0	0.0	n.s.
C04691	2-Dehydro-3-deoxy-D-arabino-heptonate_7-phosphate	-0.0	0.0	-4.644	4.585	-0.067461644812	0.0666045739585	n.s.
C02218	Dehydroalanine	-4.248	-4.0	-5.555	-2.322	-4.08069539986	-3.96626917759	n.s.
C05947	L-erythro-4-Hydroxyglutamate	0.0	0.0	0.0	0.0	0.0	0.0	n.s.
C05946	D-4-Hydroxy-2-oxoglutarate	0.0	0.0	0.0	0.0	0.0	0.0	n.s.
C01209	Malonyl-[acyl-carrier_protein]	4.146	1.481	-4.465	4.80925	1.416138621	1.55086216953	n.s.
C00217	D-Glutamate	3.719	1.663	-3.874	4.555	1.60672385616	1.72916877522	n.s.
C00214	Thymidine	0.0	0.0	0.0	0.0	0.0	0.0	n.s.
C00212	Adenosine	3.97	4.874	3.874	5.985	4.81772385616	4.96094184845	n.s.
C00606	3-Sulfino-L-alanine	-5.691	-1.115	-3.624	2.663	-1.16764448768	-1.07631559859	*
C06399	Hydrogenobyrinate	-3.0	-4.0	-5.555	-2.322	-4.08069539986	-3.96626917759	n.s.
C05841	Nicotinate_D-ribonucleoside	4.954	4.0	2.322	5.492	3.96626917759	4.0797802225	n.s.
C00035	GDP	-4.53	-0.379	-4.588	4.501	-0.445648153832	-0.313615662511	n.s.
C05844	5-L-Glutamyl-taurine	-2.322	-3.907	-5.459	-2.322	-3.98630084389	-3.87326917759	n.s.
C00033	Acetate	6.319	-3.064	-5.133	4.048	-3.13856516426	-3.00519622347	n.s.
C00031	D-Glucose	4.202	2.536	-4.307	5.144	2.47343382769	2.61072495713	n.s.
C00136	Butanoyl-CoA	6.401	-2.401	-4.02025	2.494	-2.45940066269	-2.36477059816	*
C00135	L-Histidine	4.17	0.0	-4.644	4.644	-0.067461644812	0.067461644812	n.s.
C00134	Putrescine	2.663	1.807	-3.737	4.52125	1.75271400373	1.87267850164	n.s.
C00133	D-Alanine	-7.057	3.104	-4.138	5.256	3.04388882725	3.18035193909	n.s.
C00131	dATP	-2.29	0.0	-2.531	2.51675	-0.036766886955	0.036559882554	n.s.
C00130	IMP	0.0	0.0	-4.2	4.229	-0.0610118234734	0.0614330955879	n.s.
C05635	5-Hydroxyindoleacetate	-0.0	-4.0	-5.459	-2.322	-4.07930084389	-3.96626917759	n.s.
C05634	5-Hydroxyindoleacetaldehyde	0.0	4.0	2.322	5.459	3.96626917759	4.07930084389	n.s.
C06112	L-Glutamyl-tRNA(Gln)	0.0	0.0	0.0	0.0	0.0	0.0	n.s.
C00043	UDP-N-acetyl-alpha-D-glucosamine	-3.304	1.0	-2.931	3.672	0.95742246319	1.05334176567	n.s.
C00041	L-Alanine	6.253	2.087	-3.858	4.73775	2.03095628215	2.15582351587	n.s.
C00040	Acyl-CoA	4.373	5.019	4.087	5.981	4.95962968511	5.10588374195	n.s.
C00047	L-Lysine	4.459	2.0	-3.663	4.605	1.94678897396	2.06689510645	n.s.
C00046	RNA	-4.858	-2.7	-4.384	2.728	-2.76368472241	-2.66037136799	n.s.
C00044	GTP	-5.904	0.0	-4.208	4.29325	-0.0611280364705	0.0623664312208	n.s.
C00049	L-Aspartate	-3.648	0.303	-3.74875	3.899	0.248543315894	0.359639309458	n.s.
C00048	Glyoxylate	-4.44	0.0	-1.322	1.263	-0.0192041977695	0.0183471269159	*
C02642	3-Ureidopropionate	-3.17	-3.907	-5.555	-2.322	-3.98769539986	-3.87326917759	n.s.
C00149	(S)-Malate	0.0	-1.0	-3.565	2.807	-1.05178741683	-0.959223764645	n.s.
C06481	L-Seryl-tRNA(Sec)	-5.426	0.0	-4.644	4.644	-0.067461644812	0.067461644812	n.s.
C20440	alpha-D-Ribose_1,2-cyclic_phosphate_5-phosphate	3.0	0.0	-4.7	4.7	-0.0682751357917	0.0682751357917	n.s.
C06482	L-Selenocysteinyl-tRNA(Sec)	0.0	-4.0	-5.459	-2.322	-4.07930084389	-3.96626917759	n.s.
C04236	(2S)-2-Isopropyl-3-oxosuccinate	-0.0	-4.0	-5.524	-2.322	-4.08024507449	-3.96626917759	n.s.
C01101	L-Ribulose_5-phosphate	2.0	4.0	2.322	5.555	3.96626917759	4.08069539986	n.s.
C01100	L-Histidinol_phosphate	2.585	0.0	-4.115	4.0	-0.0597770603793	0.0581064985461	n.s.
C01103	Orotidine_5'-phosphate	-2.585	0.0	-4.059	4.115	-0.0589635693997	0.0597770603793	n.s.
C01102	O-Phospho-L-homoserine	0.0	0.0	0.0	0.0	0.0	0.0	n.s.
C05125	2-(alpha-Hydroxyethyl)thiamine_diphosphate	0.0	0.193	-1.856	2.798	0.166038584675	0.233645495733	n.s.
C03688	Apo-[acyl-carrier-protein]	4.524	4.0	2.322	5.524	3.96626917759	4.08024507449	n.s.
C06002	(S)-Methylmalonate_semialdehyde	0.0	4.0	2.322	5.459	3.96626917759	4.07930084389	n.s.
C06007	(R)-2,3-Dihydroxy-3-methylpentanoate	0.907	0.0	-4.022	4.022	-0.0584260842881	0.0584260842881	n.s.
C06006	(S)-2-Aceto-2-hydroxybutanoate	0.0	0.0	-4.644	4.755	-0.067461644812	0.0690741001467	n.s.
C00227	Acetyl_phosphate	0.0	0.0	0.0	0.0	0.0	0.0	n.s.
C16565	Aminopropylcadaverine	-0.0	-4.0	-5.555	-2.322	-4.08069539986	-3.96626917759	n.s.
C04633	(3R)-3-Hydroxypalmitoyl-[acyl-carrier_protein]	-2.755	0.0	-4.285	4.285	-0.0622465865675	0.0622465865675	n.s.
C16255	[Dihydrolipoyllysine-residue_acetyltransferase]_S-acetyldihydrolipoyllysine	-2.222	-4.874	-5.977	-3.807	-4.96082563545	-4.81869714001	*
C00954	Indole-3-acetate	-3.624	-4.544	-5.816	-3.322	-4.62848684889	-4.49574255296	n.s.
C00957	Mercaptopyruvate	-4.529	-1.222	-3.343	2.059	-1.27056250616	-1.19208967987	n.s.
C05345	beta-D-Fructose_6-phosphate	5.462	-2.51	-4.73	4.03775	-2.57871093453	-2.45134512137	n.s.
C00818	D-Glucarate	-0.0	-4.0	-5.459	-2.322	-4.07930084389	-3.96626917759	n.s.
C00819	D-Glutamine	0.0	0.0	0.0	0.0	0.0	0.0	n.s.
C00424	(S)-Lactaldehyde	-0.0	-4.0	-5.555	-2.322	-4.08069539986	-3.96626917759	n.s.
C00429	5,6-Dihydrouracil	3.17	3.907	2.322	5.555	3.87326917759	3.98769539986	n.s.
C00817	D-Altronate	0.0	0.0	0.0	0.0	0.0	0.0	n.s.
C03451	(R)-S-Lactoylglutathione	3.7	4.0	2.322	5.555	3.96626917759	4.08069539986	n.s.
C01672	Cadaverine	0.0	4.0	2.322	5.555	3.96626917759	4.08069539986	n.s.
C00036	Oxaloacetate	4.236	1.163	-1.898	3.20875	1.13542846644	1.2096123068	n.s.
C05223	Dodecanoyl-[acyl-carrier_protein]	4.392	0.0	-4.7	4.585	-0.0682751357917	0.0666045739585	n.s.
C00037	Glycine	-2.598	0.0	-4.394	4.184	-0.0638299886529	0.0607793974792	n.s.
C15809	Iminoglycine	0.0	3.907	2.322	5.492	3.87326917759	3.9867802225	n.s.
C16698	N-Acetylmuramic_acid_6-phosphate	-3.087	-4.585	-5.845	-3.392	-4.669908121	-4.53572568923	n.s.
C03912	(S)-1-Pyrroline-5-carboxylate	0.0	0.0	0.0	0.0	0.0	0.0	n.s.
C02512	3-Cyano-L-alanine	2.322	3.907	2.322	5.459	3.87326917759	3.98630084389	n.s.
C00253	Nicotinate	-5.044	-4.524	-5.824	-3.322	-4.60860306188	-4.47574255296	n.s.
C00250	Pyridoxal	2.585	4.0	2.322	5.524	3.96626917759	4.08024507449	n.s.
C00251	Chorismate	1.273	2.392	-3.381	4.524	2.3428854821	2.45771844986	n.s.
C00256	(R)-Lactate	6.209	4.0	2.322	5.524	3.96626917759	4.08024507449	n.s.
C05338	4-Hydroxyphenylacetyl-CoA	1.585	4.087	2.322	5.585	4.05326917759	4.16813119859	n.s.
C00255	Riboflavin	4.087	0.0	-4.644	4.644	-0.067461644812	0.067461644812	n.s.
C05336	Selenomethionyl-tRNA(Met)	-4.585	-4.0	-5.524	-2.322	-4.08024507449	-3.96626917759	n.s.
C00392	Mannitol	1.0	4.555	3.392	5.87	4.50572568923	4.64027128662	*
C00258	D-Glycerate	0.0	0.0	-3.585	3.644	-0.0520779493219	0.0529350201755	n.s.
C05335	L-Selenomethionine	-0.0	2.7	-4.209	5.17	2.6388574369	2.77510264937	n.s.
C16596	5-Phenyl-1,3-oxazinane-2,4-dione	-3.585	-4.0	-5.524	-2.322	-4.08024507449	-3.96626917759	n.s.
C04390	N6-Acetyl-LL-2,6-diaminoheptanedioate	4.7	4.0	2.322	5.524	3.96626917759	4.08024507449	n.s.
C01081	Thiamin_monophosphate	-0.0	-4.0	-5.524	-2.322	-4.08024507449	-3.96626917759	n.s.
C01083	alpha,alpha-Trehalose	4.0	4.0	2.322	5.524	3.96626917759	4.08024507449	n.s.
C00559	Deoxyadenosine	-4.17	0.0	-4.059	4.115	-0.0589635693997	0.0597770603793	n.s.
C00491	L-Cystine	3.807	4.0	2.322	5.524	3.96626917759	4.08024507449	n.s.
C00492	Raffinose	0.0	4.0	2.322	5.585	3.96626917759	4.08113119859	n.s.
C00493	Shikimate	0.0	0.0	-2.737	2.678	-0.0397593716302	0.0389023007766	n.s.
C00555	4-Aminobutyraldehyde	0.0	4.0	2.322	5.459	3.96626917759	4.07930084389	n.s.
C01089	(R)-3-Hydroxybutanoate	5.248	4.087	2.322	5.524	4.05326917759	4.16724507449	n.s.
C00498	ADP-glucose	-3.059	0.0	-3.322	3.437	-0.0482574470425	0.0499280088757	n.s.
C00882	Dephospho-CoA	2.0	0.0	-4.644	4.7	-0.067461644812	0.0682751357917	n.s.
C00881	Deoxycytidine	4.7	4.0	2.322	5.555	3.96626917759	4.08069539986	n.s.
C00078	L-Tryptophan	5.044	3.907	2.322	5.459	3.87326917759	3.98630084389	n.s.
C00079	L-Phenylalanine	0.461	0.0	-1.702	0.896	-0.0247243151314	0.0130158556743	n.s.
C00072	Ascorbate	5.392	4.615	3.392	5.87975	4.56572568923	4.70041292121	n.s.
C00073	L-Methionine	3.263	2.963	-3.6945	4.991	2.90933138528	3.03550238356	n.s.
C00071	Aldehyde	-4.768	-4.845	-5.925	-3.807	-4.93107025097	-4.78969714001	n.s.
C00077	L-Ornithine	2.899	0.0	-4.87675	4.92375	-0.0708427166962	0.0715254680541	n.s.
C00074	Phosphoenolpyruvate	-5.974	0.0	-4.35875	4.44775	-0.0633179251345	0.0646107947271	n.s.
C00075	UTP	6.943	5.055	4.109	5.9875	4.99531009937	5.14197816501	n.s.
C04454	5-Amino-6-(5'-phospho-D-ribitylamino)uracil	-0.0	-4.0	-5.555	-2.322	-4.08069539986	-3.96626917759	n.s.
C00039	DNA	0.0	0.0	0.0	0.0	0.0	0.0	n.s.
C03127	L-Isoleucyl-tRNA(Ile)	-6.087	-4.043	-5.585	-2.322	-4.12413119859	-4.00926917759	n.s.
C00085	D-Fructose_6-phosphate	6.681	0.0	-4.524	4.678	-0.0657184498556	0.0679555500497	n.s.
C02352	1,4-beta-D-Xylan	1.585	4.0	2.322	5.555	3.96626917759	4.08069539986	n.s.
C00083	Malonyl-CoA	-3.719	-3.637	-5.365	3.822	-3.71493534117	-3.58147924064	n.s.
C00082	L-Tyrosine	-3.044	0.0	-1.564	1.139	-0.0227196409315	0.016545825461	n.s.
C00080	H+	4.954	4.0	2.322	5.555	3.96626917759	4.08069539986	n.s.
C16630	5,6-Dihydro-5-fluorouracil	3.17	3.907	2.322	5.555	3.87326917759	3.98769539986	n.s.
C04640	2-(Formamido)-N1-(5'-phosphoribosyl)acetamidine	-3.459	0.0	-4.7	4.7	-0.0682751357917	0.0682751357917	n.s.
C03175	Shikimate_3-phosphate	0.0	0.0	-3.644	3.644	-0.0529350201755	0.0529350201755	n.s.
C00089	Sucrose	0.0	4.565	3.322	5.85	4.51674255296	4.64998075412	*
C04646	6-Thioinosine-5'-monophosphate	4.755	0.0	-4.755	4.644	-0.0690741001467	0.067461644812	n.s.
C00670	sn-Glycero-3-phosphocholine	2.807	4.0	2.322	5.555	3.96626917759	4.08069539986	n.s.
C00671	(S)-3-Methyl-2-oxopentanoic_acid	-3.0	-4.0	-5.555	-2.322	-4.08069539986	-3.96626917759	n.s.
C00672	2-Deoxy-D-ribose_1-phosphate	4.524	0.0	-4.7	4.644	-0.0682751357917	0.067461644812	n.s.
C00673	2-Deoxy-D-ribose_5-phosphate	-3.17	-2.459	-5.17	4.392	-2.53410264937	-2.3951990646	n.s.
C01251	(R)-2-Hydroxybutane-1,2,4-tricarboxylate	0.0	-4.0	-5.555	-2.322	-4.08069539986	-3.96626917759	n.s.
C01250	N-Acetyl-L-glutamate_5-semialdehyde	0.0	0.0	-3.963	3.907	-0.0575690134346	0.0567555224549	n.s.
C01929	L-Histidinal	0.0	0.0	0.0	0.0	0.0	0.0	n.s.
C05936	N4-Acetylaminobutanal	0.0	4.0	2.322	5.459	3.96626917759	4.07930084389	n.s.
C00106	Uracil	0.585	0.0	-4.426	4.451	-0.0642948406413	0.0646580062572	n.s.
C00105	UMP	1.634	0.0	-2.679	2.7565	-0.0389168274013	0.0400426408106	n.s.
C00103	D-Glucose_1-phosphate	-0.687	0.0	-4.378	4.4435	-0.0635975626587	0.0645490565724	n.s.
C00100	Propanoyl-CoA	-5.322	0.0	-3.644	3.644	-0.0529350201755	0.0529350201755	n.s.
C00101	Tetrahydrofolate	3.675	-2.158	-4.098	3.202	-2.21753010776	-2.11148574791	n.s.
C15556	L-3,4-Dihydroxybutan-2-one_4-phosphate	0.0	0.0	-4.7	4.7	-0.0682751357917	0.0682751357917	n.s.
C00109	2-Oxobutanoate	-4.693	-1.813	-4.803	4.318	-1.88277137813	-1.75027403482	n.s.
C04702	UDPMurAc(oyl-L-Ala-D-gamma-Glu-L-Lys-D-Ala-D-Ala)	2.807	0.0	-4.7	4.644	-0.0682751357917	0.067461644812	n.s.
C00363	dTDP	-2.322	-4.0	-5.555	-2.322	-4.08069539986	-3.96626917759	n.s.
C15980	(S)-2-Methylbutanoyl-CoA	0.0	0.0	0.0	0.0	0.0	0.0	n.s.
C05764	Hexadecanoyl-[acp]	4.392	0.0	-4.7	4.585	-0.0682751357917	0.0666045739585	n.s.
C06899	Chloral_hydrate	3.585	4.0	2.322	5.524	3.96626917759	4.08024507449	n.s.
C05761	Tetradecanoyl-[acp]	4.392	0.0	-4.7	4.585	-0.0682751357917	0.0666045739585	n.s.
C05760	trans-Tetradec-2-enoyl-[acp]	3.322	0.0	-4.585	4.7	-0.0666045739585	0.0682751357917	n.s.
C05763	trans-Hexadec-2-enoyl-[acp]	3.322	0.0	-4.585	4.7	-0.0666045739585	0.0682751357917	n.s.
C05762	3-Oxohexadecanoyl-[acp]	-4.044	0.0	-4.229	4.229	-0.0614330955879	0.0614330955879	n.s.
C00361	dGDP	4.415	-0.794	-4.655	4.332	-0.861621437683	-0.731070662075	n.s.
C00170	5'-Methylthioadenosine	2.322	0.0	-2.059	2.115	-0.0299103201266	0.0307238111063	n.s.
C02670	D-Glucuronolactone	0.0	4.0	2.322	5.459	3.96626917759	4.07930084389	n.s.
C02992	L-Threonyl-tRNA(Thr)	-5.585	-4.087	-5.555	-2.322	-4.16769539986	-4.05326917759	n.s.
C00179	Agmatine	0.0	0.0	-4.7	4.644	-0.0682751357917	0.067461644812	n.s.
C00178	Thymine	0.0	0.0	0.0	0.0	0.0	0.0	n.s.
C02995	Maltose_6'-phosphate	-3.322	-2.459	-5.17	4.322	-2.53410264937	-2.39621592832	n.s.
C00447	Sedoheptulose_1,7-bisphosphate	0.0	0.0	0.0	0.0	0.0	0.0	n.s.
C03090	5-Phosphoribosylamine	1.585	0.0	-3.907	3.907	-0.0567555224549	0.0567555224549	n.s.
C04260	O-D-Alanyl-poly(ribitol_phosphate)	-3.248	-4.585	-5.919	-3.459	-4.67098309122	-4.53475240538	n.s.
C07086	Phenylacetic_acid	-5.129	-4.0	-5.524	-2.322	-4.08024507449	-3.96626917759	n.s.
C01077	O-Acetyl-L-homoserine	2.0	3.907	2.322	5.524	3.87326917759	3.98724507449	n.s.
C02972	Dihydrolipoylprotein	5.728	4.0	2.322	5.524	3.96626917759	4.08024507449	n.s.
C11434	2-C-Methyl-D-erythritol_4-phosphate	0.0	0.0	0.0	0.0	0.0	0.0	n.s.
C11435	4-(Cytidine_5'-diphospho)-2-C-methyl-D-erythritol	1.585	0.0	-3.0	3.17	-0.0435798739096	0.0460494000978	n.s.
C11436	2-Phospho-4-(cytidine_5'-diphospho)-2-C-methyl-D-erythritol	-1.0	0.0	-3.17	3.115	-0.0460494000978	0.0452504357428	n.s.
C00857	Deamino-NAD+	2.807	0.0	-4.7	4.585	-0.0682751357917	0.0666045739585	n.s.
C02412	Glycyl-tRNA(Gly)	-5.267	-4.585	-5.883	-3.392	-4.67046013274	-4.53572568923	n.s.
C00853	Cob(I)alamin	0.0	4.0	2.322	5.644	3.96626917759	4.08198826945	n.s.
C01179	3-(4-Hydroxyphenyl)pyruvate	0.906	0.0	0.0	0.0	0.0	0.0	n.s.
C04823	1-(5'-Phosphoribosyl)-5-amino-4-(N-succinocarboxamide)-imidazole	-4.954	0.0	-4.7	4.7	-0.0682751357917	0.0682751357917	n.s.
C01170	UDP-N-acetyl-D-mannosamine	0.0	0.0	0.0	0.0	0.0	0.0	n.s.
C04411	(2R,3S)-3-Isopropylmalate	0.0	-1.722	-4.329	3.585	-1.78488575805	-1.66992205068	n.s.
C01172	beta-D-Glucose_6-phosphate	1.459	-2.437	-4.2525	2.97	-2.49877447127	-2.39385592483	n.s.
C00473	Retinol	3.585	4.0	2.322	5.524	3.96626917759	4.08024507449	n.s.
C03892	Phosphatidylglycerophosphate	-3.7	-4.0	-5.555	-2.322	-4.08069539986	-3.96626917759	n.s.
C00681	1-Acyl-sn-glycerol_3-phosphate	-3.1	-2.363	-4.948	4.026	-2.4348777387	-2.30451580921	n.s.
C00680	meso-2,6-Diaminoheptanedioate	2.379	1.536	-3.765	4.3845	1.48130725824	1.59969198572	n.s.
C04556	4-Amino-2-methyl-5-phosphomethylpyrimidine	0.0	0.0	0.0	0.0	0.0	0.0	n.s.
C02411	Glutaconyl-1-CoA	-6.248	-4.0	-5.555	-2.322	-4.08069539986	-3.96626917759	n.s.
C02839	L-Tyrosyl-tRNA(Tyr)	-4.954	-4.0	-5.585	-2.322	-4.08113119859	-3.96626917759	n.s.
C04257	N-Acetyl-D-mannosamine_6-phosphate	0.0	4.0	2.322	5.555	3.96626917759	4.08069539986	n.s.
C00689	alpha,alpha'-Trehalose_6-phosphate	7.604	2.459	-4.322	5.17	2.39621592832	2.53410264937	*
C05271	trans-Hex-2-enoyl-CoA	0.0	0.0	0.0	0.0	0.0	0.0	n.s.
C05270	Hexanoyl-CoA	0.0	0.0	0.0	0.0	0.0	0.0	n.s.
C02554	L-Valyl-tRNA(Val)	-5.615	-4.0	-5.524	-2.322	-4.08024507449	-3.96626917759	n.s.
C00512	S-Benzoate_coenzyme_A	-1.585	-4.087	-5.585	-2.322	-4.16813119859	-4.05326917759	n.s.
C16220	3-Hydroxyoctadecanoyl-[acp]	-3.17	0.0	-4.7	4.7	-0.0682751357917	0.0682751357917	n.s.
C00921	Dihydropteroate	-3.322	0.0	-4.755	4.644	-0.0690741001467	0.067461644812	n.s.
C04294	5-(2-Hydroxyethyl)-4-methylthiazole	0.0	4.0	2.322	5.524	3.96626917759	4.08024507449	n.s.
C00458	dCTP	-5.445	4.181	-3.342	5.459	4.13245202046	4.26030084389	n.s.
C04895	7,8-Dihydroneopterin_3'-triphosphate	-4.322	-3.907	-5.524	-2.322	-3.98724507449	-3.87326917759	n.s.
C04896	5-(5-Phospho-D-ribosylaminoformimino)-1-(5-phosphoribosyl)-imidazole-4-carboxamide	-0.0	0.0	-4.644	4.585	-0.067461644812	0.0666045739585	n.s.
C00376	Retinal	-3.585	-4.0	-5.524	-2.322	-4.08024507449	-3.96626917759	n.s.
C04488	5-Methyl-5,6,7,8-tetrahydromethanopterin	-6.331	-4.555	-5.87	-3.392	-4.64027128662	-4.50572568923	n.s.
C00455	Nicotinamide_D-ribonucleotide	3.807	4.0	2.322	5.555	3.96626917759	4.08069539986	n.s.
C01697	Galactitol	4.841	4.891	3.841	6.007	4.83520323477	4.97826143419	n.s.
C15972	Enzyme_N6-(lipoyl)lysine	-5.615	2.459	-4.285	5.15	2.39675341343	2.53381211688	n.s.
C16618	6-Thioxanthine_5'-monophosphate	-1.0	0.0	-4.644	4.7	-0.067461644812	0.0682751357917	n.s.
C00330	Deoxyguanosine	4.954	4.0	2.322	5.492	3.96626917759	4.0797802225	n.s.
C00332	Acetoacetyl-CoA	-5.9	0.0	-2.75175	2.725	-0.0399736393436	0.0395850521345	*
C00334	4-Aminobutanoate	4.109	0.0	-4.109	4.285	-0.0596899006315	0.0622465865675	n.s.
C00337	(S)-Dihydroorotate	3.874	0.0	-4.059	4.059	-0.0589635693997	0.0589635693997	n.s.
C05699	L-Selenocystathionine	3.807	4.0	2.322	5.524	3.96626917759	4.08024507449	n.s.
C04688	(3R)-3-Hydroxytetradecanoyl-[acyl-carrier_protein]	-3.17	0.0	-4.7	4.7	-0.0682751357917	0.0682751357917	n.s.
C04122	D-1-Aminopropan-2-ol_O-phosphate	-2.322	0.0	-4.755	4.585	-0.0690741001467	0.0666045739585	n.s.
C00636	D-Mannose_1-phosphate	0.0	0.0	0.0	0.0	0.0	0.0	n.s.
C00637	Indole-3-acetaldehyde	0.0	4.0	2.322	5.459	3.96626917759	4.07930084389	n.s.
C00630	2-Methylpropanoyl-CoA	8.771	3.907	2.322	5.492	3.87326917759	3.9867802225	*
C00631	2-Phospho-D-glycerate	-1.624	0.0	0.0	0.202	0.0	0.00293437817658	n.s.
C02527	Butanoylphosphate	0.0	0.0	0.0	0.0	0.0	0.0	n.s.
C16221	(2E)-Octadecenoyl-[acp]	3.322	0.0	-4.585	4.7	-0.0666045739585	0.0682751357917	n.s.
C00208	Maltose	3.392	4.833	3.807	5.931	4.77769714001	4.91915741072	n.s.
C01001	Formylmethanofuran	0.0	0.0	0.0	0.0	0.0	0.0	n.s.
C05985	2-Propynal	0.0	4.0	2.322	5.459	3.96626917759	4.07930084389	n.s.
C00204	2-Dehydro-3-deoxy-D-gluconate	-4.17	-0.678	-3.322	2.415	-0.726257447043	-0.642918201503	n.s.
C01212	UDP-N-acetylmuramoyl-L-alanine	-4.229	0.0	-4.17	4.392	-0.0605760247343	0.0638009354036	n.s.
C07490	Trichloroethanol	-3.585	-4.0	-5.524	-2.322	-4.08024507449	-3.96626917759	n.s.
C01217	5,6,7,8-Tetrahydromethanopterin	6.331	4.555	3.392	5.87	4.50572568923	4.64027128662	n.s.
C00025	L-Glutamate	0.0	0.0	-3.954	4.0	-0.0574382738128	0.0581064985461	n.s.
C00024	Acetyl-CoA	-4.712	0.0	-3.89075	3.84175	-0.0565194648046	0.0558076601974	n.s.
C00148	L-Proline	8.171	0.921	-3.653	4.02925	0.867934240203	0.979531402317	*
C00026	2-Oxoglutarate	-5.793	0.0	-3.87975	3.839	-0.0563596719336	0.0557677119796	*
C00021	S-Adenosyl-L-homocysteine	3.977	0.0	-4.229	4.285	-0.0614330955879	0.0622465865675	n.s.
C00020	AMP	4.717	-0.585	-2.644	1.263	-0.623408395539	-0.566652873084	*
C00022	Pyruvate	-5.268	-0.587	-4.22875	4.071	-0.648429463932	-0.527862111105	n.s.
C00143	5,10-Methylenetetrahydrofolate	-5.397	0.848	-2.751	3.536	0.808037255625	0.899366144715	n.s.
C00140	N-Acetyl-D-glucosamine	9.543	4.0	2.322	5.585	3.96626917759	4.08113119859	*
C00141	3-Methyl-2-oxobutanoic_acid	-2.17	2.0	-3.954	4.7	1.94256172619	2.06827513579	n.s.
C00029	UDP-glucose	-2.059	2.942	-3.663	4.886	2.88878897396	3.01297708797	n.s.
C00147	Adenine	0.0	0.0	-3.294	3.63	-0.0478507015527	0.0527316474306	n.s.
C00144	GMP	-3.263	-3.585	-5.365	3.888	-3.66293534117	-3.52852048341	n.s.
C03740	(5-L-Glutamyl)-L-amino_acid	-2.322	-3.907	-5.459	-2.322	-3.98630084389	-3.87326917759	n.s.
C01079	Protoporphyrinogen_IX	-4.392	-3.907	-5.524	-2.322	-3.98724507449	-3.87326917759	n.s.
C05748	trans-Hex-2-enoyl-[acp]	3.322	0.0	-4.585	4.7	-0.0666045739585	0.0682751357917	n.s.
C05984	2-Hydroxybutanoic_acid	4.585	4.0	2.322	5.524	3.96626917759	4.08024507449	n.s.
C05807	2-Polyprenylphenol	1.585	4.0	2.322	5.555	3.96626917759	4.08069539986	n.s.
C05729	R-S-Cysteinylglycine	6.607	2.585	-4.209	5.15	2.5238574369	2.65981211688	n.s.
C04631	UDP-N-acetyl-3-(1-carboxyvinyl)-D-glucosamine	-4.301	0.0	-4.421	4.421	-0.0642222075181	0.0642222075181	n.s.
C11437	1-Deoxy-D-xylulose_5-phosphate	0.0	0.0	-1.379	1.263	-0.0200322153738	0.0183471269159	n.s.
C00644	D-Mannitol_1-phosphate	1.585	-2.585	-5.15	4.322	-2.65981211688	-2.52221592832	n.s.
C06319	Precorrin_6Y	0.0	0.0	0.0	0.0	0.0	0.0	n.s.
C02739	1-(5-Phospho-D-ribosyl)-ATP	0.322	-1.459	-4.129	3.322	-1.51898043312	-1.41074255296	n.s.
C00647	Pyridoxamine_phosphate	0.0	0.0	0.0	0.0	0.0	0.0	n.s.
C05726	S-Substituted_L-cysteine	-6.679	-4.615	-5.895	-3.392	-4.70063445223	-4.56572568923	n.s.
C00705	dCDP	2.138	-2.138	-4.787	4.07	-2.20753895214	-2.07887663773	n.s.
C06250	Holo-[carboxylase]	4.663	-3.346	-5.15	3.585	-3.42081211688	-3.29392205068	n.s.
C01242	S-Aminomethyldihydrolipoylprotein	0.0	0.0	0.0	0.0	0.0	0.0	n.s.
C02631	2-Isopropylmaleate	0.0	0.0	0.0	0.0	0.0	0.0	n.s.
C02637	3-Dehydroshikimate	0.0	0.0	0.0	0.0	0.0	0.0	n.s.
C03194	(R)-1-Aminopropan-2-ol	2.585	3.907	2.322	5.524	3.87326917759	3.98724507449	n.s.
C04419	Carboxybiotin-carboxyl-carrier_protein	-3.248	2.907	-3.644	4.919	2.85406497982	2.97845646659	n.s.
C01528	Hydrogen_selenide	-8.353	-4.0	-5.524	-2.322	-4.08024507449	-3.96626917759	*
C02938	3-Indoleacetonitrile	5.129	4.0	2.322	5.524	3.96626917759	4.08024507449	n.s.
C00750	Spermine	0.0	0.0	0.0	0.0	0.0	0.0	n.s.
C04752	2-Methyl-4-amino-5-hydroxymethylpyrimidine_diphosphate	0.0	0.0	-4.644	4.644	-0.067461644812	0.067461644812	n.s.
C04751	1-(5-Phospho-D-ribosyl)-5-amino-4-imidazolecarboxylate	5.426	0.0	-4.644	4.755	-0.067461644812	0.0690741001467	n.s.
C00763	D-Proline	4.322	2.585	-4.209	5.19	2.5238574369	2.66039318186	n.s.
C01134	Pantetheine_4'-phosphate	-4.0	-2.503	-5.143	4.369	-2.57771043051	-2.43953317696	n.s.
C01137	S-Adenosylmethioninamine	0.0	0.0	-4.109	4.285	-0.0596899006315	0.0622465865675	n.s.
C00092	D-Glucose_6-phosphate	-6.66	-5.057	-5.984	-4.096	-5.14392732182	-4.99749894549	n.s.
C06035	4-Methylene-2-oxoglutarate	0.0	0.0	0.0	0.0	0.0	0.0	n.s.
C02226	2-Methylmaleate	0.0	0.0	0.0	0.0	0.0	0.0	n.s.
C03511	L-Phenylalanyl-tRNA(Phe)	-5.322	-3.907	-5.555	-2.322	-3.98769539986	-3.87326917759	n.s.
C03512	L-Tryptophanyl-tRNA(Trp)	-5.044	-3.907	-5.459	-2.322	-3.98630084389	-3.87326917759	n.s.
C06033	Parapyruvate	0.0	0.0	0.0	0.0	0.0	0.0	n.s.
C12147	L-Threonine_O-3-phosphate	2.0	0.0	-4.585	4.7	-0.0666045739585	0.0682751357917	n.s.
C00329	D-Glucosamine	2.322	3.907	2.322	5.492	3.87326917759	3.9867802225	n.s.
C04462	N-Succinyl-2-L-amino-6-oxoheptanedioate	-4.303	0.0	-2.794	2.737	-0.0405873892345	0.0397593716302	n.s.
C06408	Precorrin_8X	3.0	4.0	2.322	5.555	3.96626917759	4.08069539986	n.s.
C02741	Phosphoribosyl-AMP	0.0	0.0	0.0	0.0	0.0	0.0	n.s.
C06407	Precorrin_4	0.0	0.0	-4.585	4.644	-0.0666045739585	0.067461644812	n.s.
C06406	Precorrin_3B	3.585	3.907	2.322	5.459	3.87326917759	3.98630084389	n.s.
C20373	3-Hydroxyglutaryl-[acp]_methyl_ester	-3.17	0.0	-4.7	4.7	-0.0682751357917	0.0682751357917	n.s.
C20372	3-Ketoglutaryl-[acp]_methyl_ester	-4.459	0.0	-4.644	4.644	-0.067461644812	0.067461644812	n.s.
C20377	3-Hydroxypimeloyl-[acp]_methyl_ester	-3.17	0.0	-4.7	4.7	-0.0682751357917	0.0682751357917	n.s.
C20376	3-Ketopimeloyl-[acp]_methyl_ester	-4.459	0.0	-4.644	4.644	-0.067461644812	0.067461644812	n.s.
C20375	Glutaryl-[acp]_methyl_ester	5.833	4.0	2.322	5.524	3.96626917759	4.08024507449	n.s.
C20374	Enoylglutaryl-[acp]_methyl_ester	-4.7	-4.0	-5.524	-2.322	-4.08024507449	-3.96626917759	n.s.
C05897	Undecaprenyl-diphospho-N-acetylmuramoyl-L-alanyl-D-glutamyl-meso-2,6-diaminopimeloyl-D-alanyl-D-alanine	5.044	0.0	-4.644	4.644	-0.067461644812	0.067461644812	n.s.
C20378	Enoylpimeloyl-[acp]_methyl_ester	-4.7	-4.0	-5.524	-2.322	-4.08024507449	-3.96626917759	n.s.
C00804	Propynoate	-0.0	-4.0	-5.459	-2.322	-4.07930084389	-3.96626917759	n.s.
C00969	3-Hydroxypropanal	2.322	4.0	2.322	5.555	3.96626917759	4.08069539986	n.s.
C11545	Cobalt-precorrin_8	-0.0	0.0	-4.56975	4.7	-0.0663830429328	0.0682751357917	n.s.
C00966	2-Dehydropantoate	0.0	0.0	-3.907	3.907	-0.0567555224549	0.0567555224549	n.s.
C11540	Cobalt-precorrin_4	0.0	0.0	-4.585	4.644	-0.0666045739585	0.067461644812	n.s.
C11542	Cobalt-precorrin_6	0.0	0.0	-4.644	4.644	-0.067461644812	0.067461644812	n.s.
C11543	Cobalt-dihydro-precorrin_6	-1.0	0.0	-4.7	4.644	-0.0682751357917	0.067461644812	n.s.
C02282	Glutaminyl-tRNA	0.0	0.0	0.0	0.0	0.0	0.0	n.s.
C04916	N-(5'-Phospho-D-1'-ribulosylformimino)-5-amino-1-(5''-phospho-D-ribosyl)-4-imidazolecarboxamide	0.0	2.585	-4.248	5.24325	2.52329089854	2.66116672463	n.s.
C00415	Dihydrofolate	-3.459	-4.0	-5.524	-2.322	-4.08024507449	-3.96626917759	n.s.
C00416	Phosphatidate	0.0	-1.17	-4.503	4.163	-1.23541339074	-1.10952566164	n.s.
C00417	cis-Aconitate	0.0	0.0	0.0	0.0	0.0	0.0	n.s.
C03460	2-Methylprop-2-enoyl-CoA	-8.771	-3.907	-5.492	-2.322	-3.9867802225	-3.87326917759	*
C04851	MurAc(oyl-L-Ala-D-gamma-Glu-L-Lys-D-Ala-D-Ala)-diphospho-undecaprenol	5.044	0.0	-4.644	4.644	-0.067461644812	0.067461644812	n.s.
C03345	2-Methylbut-2-enoyl-CoA	0.0	0.0	0.0	0.0	0.0	0.0	n.s.
C00993	D-Alanyl-D-alanine	-3.7	0.0	-4.644	4.644	-0.067461644812	0.067461644812	n.s.
C00620	alpha-D-Ribose_1-phosphate	5.066	4.585	3.392	5.907	4.53572568923	4.67080877173	n.s.
C11355	4-Amino-4-deoxychorismate	-1.0	-2.459	-5.17	4.285	-2.53410264937	-2.39675341343	n.s.
C05951	Leukotriene_D4	-2.322	-3.907	-5.459	-2.322	-3.98630084389	-3.87326917759	n.s.
C05576	3,4-Dihydroxyphenylethyleneglycol	0.0	0.0	0.0	0.0	0.0	0.0	n.s.
C05577	3,4-Dihydroxymandelaldehyde	0.0	0.0	0.0	0.0	0.0	0.0	n.s.
C03263	Coproporphyrinogen_III	4.392	3.907	2.322	5.524	3.87326917759	3.98724507449	n.s.
C00378	Thiamine	0.0	0.0	0.0	0.0	0.0	0.0	n.s.
C00242	Guanine	-3.509	2.115	-4.208	4.95	2.05387196353	2.18690679195	n.s.
C00245	Taurine	2.322	3.907	2.322	5.459	3.87326917759	3.98630084389	n.s.
C00246	Butanoic_acid	0.0	0.0	0.0	0.0	0.0	0.0	n.s.
C00624	N-Acetyl-L-glutamate	0.0	0.0	-4.644	4.644	-0.067461644812	0.067461644812	n.s.
C16587	3-Carbamoyl-2-phenylpropionaldehyde	-3.585	-4.0	-5.524	-2.322	-4.08024507449	-3.96626917759	n.s.
C02170	Methylmalonate	-0.0	-4.0	-5.459	-2.322	-4.07930084389	-3.96626917759	n.s.
C00568	4-Aminobenzoate	3.7	0.0	-4.585	4.755	-0.0666045739585	0.0690741001467	n.s.
C01099	L-Fuculose_1-phosphate	0.0	4.0	2.322	5.555	3.96626917759	4.08069539986	n.s.
C01097	D-Tagatose_6-phosphate	3.868	4.472	3.202	5.75	4.42548574791	4.55552809166	n.s.
C01096	Sorbitol_6-phosphate	0.0	-3.273	-5.322	4.0	-3.35031069632	-3.21489350145	n.s.
C01094	D-Fructose_1-phosphate	7.5	-1.874	-5.102	4.6955	-1.9481148389	-1.80579023402	*
C05682	Phosphonoacetate	4.087	4.0	2.322	5.524	3.96626917759	4.08024507449	n.s.
C00341	Geranyl_diphosphate	0.0	0.0	0.0	0.0	0.0	0.0	n.s.
C00342	Thioredoxin	-8.236	3.28	-4.038	5.317	3.22134148972	3.35723806319	*
C00343	Thioredoxin_disulfide	8.259	-3.322	-5.334	4.0	-3.39948501581	-3.26389350145	*
C00344	Phosphatidylglycerol	4.585	3.907	2.322	5.524	3.87326917759	3.98724507449	n.s.
C05684	Selenite	8.353	4.0	2.322	5.524	3.96626917759	4.08024507449	*
C00061	FMN	0.0	0.0	0.0	0.0	0.0	0.0	n.s.
C00060	Carboxylate	-5.129	-4.0	-5.524	-2.322	-4.08024507449	-3.96626917759	n.s.
C00063	CTP	6.773	5.186	4.278	5.986	5.1238550998	5.27295637507	n.s.
C00062	L-Arginine	3.222	4.605	3.369	5.841	4.5560598016	4.6898500145	n.s.
C00065	L-Serine	3.301	2.491	-3.07075	4.469	2.4463923674	2.5559194855	n.s.
C00064	L-Glutamine	3.512	3.202	-2.84075	4.7095	3.16073349106	3.27041313873	n.s.
C11811	1-Hydroxy-2-methyl-2-butenyl_4-diphosphate	2.585	0.0	-4.7	4.644	-0.0682751357917	0.067461644812	n.s.
C16633	5-Fluorouridine	4.907	4.0	2.322	5.585	3.96626917759	4.08113119859	n.s.
C04675	3-Hydroxy-3-(4-methylpent-3-en-1-yl)glutaryl-CoA	0.0	4.0	2.322	5.555	3.96626917759	4.08069539986	n.s.
C16631	alpha-Fluoro-beta-ureidopropionic_acid	-3.17	-3.907	-5.555	-2.322	-3.98769539986	-3.87326917759	n.s.
C04677	1-(5'-Phosphoribosyl)-5-amino-4-imidazolecarboxamide	5.018	-1.888	-5.02	4.62025	-1.96092365568	-1.82088336252	n.s.
C16635	5'-Deoxy-5-fluorocytidine	4.7	4.0	2.322	5.555	3.96626917759	4.08069539986	n.s.
C16634	5-Fluorouridine_monophosphate	-4.907	-4.0	-5.585	-2.322	-4.08113119859	-3.96626917759	n.s.
C19673	Malonyl-[acp]_methyl_ester	5.833	4.0	2.322	5.524	3.96626917759	4.08024507449	n.s.
C03752	2-Amino-2-deoxy-D-gluconate	0.585	5.077	4.109	6.006	5.01731009937	5.16424690757	*
C05923	2,5-Diaminopyrimidine_nucleoside_triphosphate	0.0	0.0	0.0	0.0	0.0	0.0	n.s.
C05922	Formamidopyrimidine_nucleoside_triphosphate	0.0	0.0	0.0	0.0	0.0	0.0	n.s.
C05921	Biotinyl-5'-AMP	0.0	0.0	0.0	0.0	0.0	0.0	n.s.
C00748	Siroheme	0.0	0.0	0.0	0.0	0.0	0.0	n.s.
C04079	N-((R)-Pantothenoyl)-L-cysteine	4.585	4.0	2.322	5.492	3.96626917759	4.0797802225	n.s.
C00668	alpha-D-Glucose_6-phosphate	3.753	-3.074	-5.061	3.8415	-3.14751924729	-3.01819597146	n.s.
C01268	5-Amino-6-(5'-phosphoribosylamino)uracil	0.0	0.0	0.0	0.0	0.0	0.0	n.s.
C00666	LL-2,6-Diaminoheptanedioate	-3.926	0.0	-4.322	4.379	-0.0627840716791	0.0636120892833	n.s.
C00663	beta-D-Glucose_1-phosphate	-0.0	0.0	-4.585	4.7	-0.0666045739585	0.0682751357917	n.s.
C02163	L-Arginyl-tRNA(Arg)	-4.585	-4.0	-5.585	-2.322	-4.08113119859	-3.96626917759	n.s.
C00988	2-Phosphoglycolate	2.0	3.907	2.322	5.524	3.87326917759	3.98724507449	n.s.
C00989	4-Hydroxybutanoic_acid	7.384	4.0	2.322	5.459	3.96626917759	4.07930084389	n.s.
C00114	Choline	-2.807	-4.0	-5.555	-2.322	-4.08069539986	-3.96626917759	n.s.
C00117	D-Ribose_5-phosphate	-5.201	-2.402	-4.833	4.392	-2.47220717687	-2.3381990646	n.s.
C00116	Glycerol	0.0	0.0	0.0	0.0	0.0	0.0	n.s.
C00111	Glycerone_phosphate	-5.871	0.0	-3.415	3.262	-0.0496084231337	0.0473858495643	*
C02380	6-Mercaptopurine	4.248	4.0	2.322	5.585	3.96626917759	4.08113119859	n.s.
C00112	CDP	-5.018	0.0	-4.53	4.561	-0.0658056096035	0.0662559349672	n.s.
C00119	5-Phospho-alpha-D-ribose_1-diphosphate	-4.67	1.435	-2.517	3.658	1.39843648579	1.48813839292	n.s.
C00118	D-Glyceraldehyde_3-phosphate	-6.468	1.826	-3.97775	4.52275	1.76821671885	1.89170029157	*
C06416	Precorrin_5	-3.7	-4.0	-5.524	-2.322	-4.08024507449	-3.96626917759	n.s.
C11929	Perillyl-CoA	6.248	4.0	2.322	5.555	3.96626917759	4.08069539986	n.s.
C01346	dUDP	0.0	-1.874	-4.544	3.773	-1.94000898235	-1.81919104525	n.s.
C11924	Perillic_acid	-0.0	-4.0	-5.459	-2.322	-4.07930084389	-3.96626917759	n.s.
C05750	3-Oxooctanoyl-[acp]	-4.044	0.0	-4.229	4.229	-0.0614330955879	0.0614330955879	n.s.
C05751	trans-Oct-2-enoyl-[acp]	3.322	0.0	-4.585	4.7	-0.0666045739585	0.0682751357917	n.s.
C14145	(3S)-3-Hydroxyadipyl-CoA	8.077	4.0	2.322	5.555	3.96626917759	4.08069539986	*
C05753	3-Oxodecanoyl-[acp]	-4.044	0.0	-4.229	4.229	-0.0614330955879	0.0614330955879	n.s.
C05754	trans-Dec-2-enoyl-[acp]	3.322	0.0	-4.585	4.7	-0.0666045739585	0.0682751357917	n.s.
C05755	Decanoyl-[acp]	4.392	0.0	-4.7	4.585	-0.0682751357917	0.0666045739585	n.s.
C05756	3-Oxododecanoyl-[acp]	-4.459	0.0	-4.644	4.644	-0.067461644812	0.067461644812	n.s.
C05757	(R)-3-Hydroxydodecanoyl-[acp]	-3.17	0.0	-4.7	4.7	-0.0682751357917	0.0682751357917	n.s.
C05758	trans-Dodec-2-enoyl-[acp]	3.322	0.0	-4.585	4.7	-0.0666045739585	0.0682751357917	n.s.
C05759	3-Oxotetradecanoyl-[acp]	-4.459	0.0	-4.644	4.644	-0.067461644812	0.067461644812	n.s.
C05811	2-Octaprenyl-6-hydroxyphenol	-1.585	-4.0	-5.555	-2.322	-4.08069539986	-3.96626917759	n.s.
C05810	2-Octaprenylphenol	1.585	4.0	2.322	5.555	3.96626917759	4.08069539986	n.s.
C00236	3-Phospho-D-glyceroyl_phosphate	0.0	0.0	0.0	0.0	0.0	0.0	n.s.
C00188	L-Threonine	5.555	2.7	-3.43425	4.58875	2.65011193934	2.7666590488	n.s.
C00189	Ethanolamine	-2.807	3.222	-4.087	5.334	3.16262968511	3.29948501581	n.s.
C00186	(S)-Lactate	0.0	0.0	0.0	0.0	0.0	0.0	n.s.
C00185	Cellobiose	-1.0	-4.0	-5.524	-2.322	-4.08024507449	-3.96626917759	n.s.
C00183	L-Valine	5.615	4.0	2.322	5.524	3.96626917759	4.08024507449	n.s.
C00180	Benzoate	-5.129	-4.0	-5.524	-2.322	-4.08024507449	-3.96626917759	n.s.
C00181	D-Xylose	3.17	0.0	-4.644	4.585	-0.067461644812	0.0666045739585	n.s.
C02909	(2-Naphthyl)methanol	5.741	4.6	3.459	5.883	4.54975240538	4.68546013274	n.s.
C00159	D-Mannose	6.29	5.06	4.109	6.017	5.00031009937	5.14740670044	n.s.
C04216	all-trans-Heptaprenyl_diphosphate	-2.0	-4.0	-5.524	-2.322	-4.08024507449	-3.96626917759	n.s.
C04051	5-Amino-4-imidazolecarboxyamide	-4.0	-4.0	-5.555	-2.322	-4.08069539986	-3.96626917759	n.s.
C00011	CO2	7.943	1.342	-4.05075	4.315	1.28315627525	1.40468238531	*
C04352	(R)-4'-Phosphopantothenoyl-L-cysteine	0.0	0.0	-2.322	2.322	-0.033730822406	0.033730822406	n.s.
C02553	L-Seryl-tRNA(Ser)	-5.426	-3.907	-5.524	-2.322	-3.98724507449	-3.87326917759	n.s.
C16348	cis-3-Chloroallyl_aldehyde	-3.977	-0.848	-3.453	2.472	-0.89816043487	-0.812090183899	n.s.
C02946	4-Acetamidobutanoate	-0.0	-4.0	-5.459	-2.322	-4.07930084389	-3.96626917759	n.s.
C16586	2-Phenyl-1,3-propanediol_monocarbamate	3.585	4.0	2.322	5.524	3.96626917759	4.08024507449	n.s.
C05378	beta-D-Fructose_1,6-bisphosphate	7.687	0.0	-4.229	4.254	-0.0614330955879	0.0617962612038	*
C00015	UDP	-4.555	0.0	-3.874	3.833	-0.0562761438419	0.0556805522318	n.s.
C05100	3-Ureidoisobutyrate	-3.17	-3.907	-5.555	-2.322	-3.98769539986	-3.87326917759	n.s.
C06148	2,5-Diamino-6-(5'-triphosphoryl-3',4'-trihydroxy-2'-oxopentyl)-amino-4-oxopyrimidine	0.0	0.0	0.0	0.0	0.0	0.0	n.s.
C00151	L-Amino_acid	2.322	3.907	2.322	5.459	3.87326917759	3.98630084389	n.s.
C05823	3-Mercaptolactate	-4.585	-4.0	-5.524	-2.322	-4.08024507449	-3.96626917759	n.s.
C02988	L-Histidyl-tRNA(His)	-4.524	-4.0	-5.524	-2.322	-4.08024507449	-3.96626917759	n.s.
C16551	Alcophosphamide	-3.585	-4.0	-5.524	-2.322	-4.08024507449	-3.96626917759	n.s.
C06715	3-Oxopimeloyl-CoA	1.585	4.087	2.322	5.585	4.05326917759	4.16813119859	n.s.
C06714	3-Hydroxypimeloyl-CoA	-6.248	-4.0	-5.555	-2.322	-4.08069539986	-3.96626917759	n.s.
C16466	7-Methyl-3-oxo-6-octenoyl-CoA	0.0	-4.0	-5.555	-2.322	-4.08069539986	-3.96626917759	n.s.
C16219	3-Oxostearoyl-[acp]	-4.459	0.0	-4.644	4.644	-0.067461644812	0.067461644812	n.s.
C09306	Sulfur_dioxide	-3.322	-3.907	-5.492	-2.322	-3.9867802225	-3.87326917759	n.s.
C00254	Prephenate	0.0	0.0	-2.668	2.668	-0.0387570345303	0.0387570345303	n.s.
C16237	Protein_N6-(lipoyl)lysine	-4.392	-4.0	-5.555	-2.322	-4.08069539986	-3.96626917759	n.s.
C00931	Porphobilinogen	3.7	4.0	2.322	5.524	3.96626917759	4.08024507449	n.s.
C04327	4-Methyl-5-(2-phosphoethyl)-thiazole	0.0	-2.415	-5.102	4.38625	-2.4891148389	-2.35128259269	n.s.
C16238	Lipoyl-AMP	0.0	0.0	0.0	0.0	0.0	0.0	n.s.
C18239	Precursor_Z	-3.087	-4.585	-5.845	-3.392	-4.669908121	-4.53572568923	n.s.
C00446	alpha-D-Galactose_1-phosphate	5.087	4.0	2.322	5.524	3.96626917759	4.08024507449	n.s.
C00445	5,10-Methenyltetrahydrofolate	1.415	0.0	-4.059	4.115	-0.0589635693997	0.0597770603793	n.s.
C01762	Xanthosine	4.714	4.508	3.248	5.755	4.46081752318	4.59160072478	n.s.
C00441	L-Aspartate_4-semialdehyde	6.966	-1.29	-4.125	3.544	-1.34992232663	-1.23851764229	*
C00440	5-Methyltetrahydrofolate	-2.596	0.0	-2.862	2.38	-0.0415751997097	0.0345733666349	n.s.
C04281	L-1-Pyrroline-3-hydroxy-5-carboxylate	0.0	0.0	0.0	0.0	0.0	0.0	n.s.
C00526	Deoxyuridine	-2.807	2.459	-4.358	5.17	2.39569296983	2.53410264937	n.s.
C00527	Glutaryl-CoA	-1.585	-4.087	-5.585	-2.322	-4.16813119859	-4.05326917759	n.s.
C11453	2-C-Methyl-D-erythritol_2,4-cyclodiphosphate	0.585	0.0	-4.285	4.285	-0.0622465865675	0.0622465865675	n.s.
C00522	(R)-Pantoate	0.0	0.0	-3.907	3.963	-0.0567555224549	0.0575690134346	n.s.
C00448	trans,trans-Farnesyl_diphosphate	2.524	1.459	-3.392	4.15	1.40972568923	1.51928549224	n.s.
C04882	UDP-N-acetylmuramoyl-L-alanyl-D-glutamyl-6-carboxy-L-lysyl-D-alanyl-D-alanine	2.807	0.0	-4.7	4.644	-0.0682751357917	0.067461644812	n.s.
C01024	Hydroxymethylbilane	-3.7	-4.0	-5.524	-2.322	-4.08024507449	-3.96626917759	n.s.
C12739	5'-Deoxy-5-fluorouridine	-4.7	-4.0	-5.555	-2.322	-4.08069539986	-3.96626917759	n.s.
C00009	Orthophosphate	-4.524	-4.0	-5.555	-2.322	-4.08069539986	-3.96626917759	n.s.
C01909	Dethiobiotin	0.0	0.0	0.0	0.0	0.0	0.0	n.s.
C00068	Thiamin_diphosphate	0.059	0.0	-2.75225	2.5705	-0.0399809026559	0.0373406886282	n.s.
C04133	N-Acetyl-L-glutamate_5-phosphate	0.0	0.0	-4.381	4.381	-0.0636411425326	0.0636411425326	n.s.
C03838	5'-Phosphoribosylglycinamide	-3.17	0.0	-4.585	4.755	-0.0666045739585	0.0690741001467	n.s.
C00288	HCO3-	5.6	5.055	4.109	6.0	4.99531009937	5.14215974782	n.s.
C03722	Quinolinate	0.0	0.0	-4.74125	4.7	-0.0688743590579	0.0682751357917	n.s.
C05402	Melibiose	-0.0	-4.0	-5.585	-2.322	-4.08113119859	-3.96626917759	n.s.
C04619	(3R)-3-Hydroxydecanoyl-[acyl-carrier_protein]	-2.755	0.0	-4.285	4.285	-0.0622465865675	0.0622465865675	n.s.
C05404	D-Gal_alpha_1->6D-Gal_alpha_1->6D-Glucose	-0.0	-4.0	-5.585	-2.322	-4.08113119859	-3.96626917759	n.s.
C03939	Acetyl-[acyl-carrier_protein]	3.532	0.0	-3.421	3.421	-0.0496955828816	0.0496955828816	n.s.
C00054	Adenosine_3',5'-bisphosphate	-4.524	-4.0	-5.524	-2.322	-4.08024507449	-3.96626917759	n.s.
C04039	2,3-Dihydroxy-3-methylbutanoate	1.585	0.0	-4.7	4.7	-0.0682751357917	0.0682751357917	n.s.
C00627	Pyridoxine_phosphate	-2.585	-4.0	-5.524	-2.322	-4.08024507449	-3.96626917759	n.s.
C00459	dTTP	3.515	5.291	4.55	5.994	5.2249038579	5.37807258807	n.s.
C01228	Guanosine_3',5'-bis(diphosphate)	-1.0	-4.0	-5.524	-2.322	-4.08024507449	-3.96626917759	n.s.
C00239	dCMP	0.0	0.0	0.0	0.0	0.0	0.0	n.s.
C00725	Lipoate	4.392	4.0	2.322	5.555	3.96626917759	4.08069539986	n.s.
C00231	D-Xylulose_5-phosphate	-4.636	-1.943	-4.07	2.939	-2.00212336227	-1.90030625019	n.s.
C00232	Succinate_semialdehyde	-5.575	0.0	-3.0	3.115	-0.0435798739096	0.0452504357428	n.s.
C00233	4-Methyl-2-oxopentanoate	-0.0	-4.0	-5.524	-2.322	-4.08024507449	-3.96626917759	n.s.
C00234	10-Formyltetrahydrofolate	-5.435	1.652	-3.379	4.056	1.60291453535	1.71091998953	n.s.
C00235	Dimethylallyl_diphosphate	-2.0	0.0	-4.322	4.379	-0.0627840716791	0.0636120892833	n.s.
C01613	Stachyose	0.0	4.0	2.322	5.585	3.96626917759	4.08113119859	n.s.
C00237	CO	-3.183	0.0	-2.452	2.449	-0.0356192836088	0.0355757037349	n.s.
C00010	CoA	-6.539	-2.503	-5.129	4.298	-2.57750705776	-2.44056456731	n.s.
C00158	Citrate	0.0	0.0	0.0	0.0	0.0	0.0	n.s.
C00012	Peptide	4.644	4.0	2.322	5.585	3.96626917759	4.08113119859	n.s.
C00014	Ammonia	-7.1	-3.329	-4.946	3.5105	-3.40084868545	-3.27800428421	*
C05980	Cardiolipin	-4.585	-3.907	-5.524	-2.322	-3.98724507449	-3.87326917759	n.s.
C00016	FAD	0.0	0.0	0.0	0.0	0.0	0.0	n.s.
C00018	Pyridoxal_phosphate	-2.585	-4.0	-5.524	-2.322	-4.08024507449	-3.96626917759	n.s.
C00019	S-Adenosyl-L-methionine	-4.42	-0.766	-4.1	3.69875	-0.82555916101	-0.712269647126	n.s.
C00153	Nicotinamide	-4.426	-4.585	-5.858	-3.392	-4.67009696712	-4.53572568923	n.s.
C00152	L-Asparagine	3.402	1.515	-3.961	4.515	1.45746003981	1.58058771023	n.s.
C00155	L-Homocysteine	0.0	-3.17	-5.267	4.0	-3.24651173196	-3.11189350145	n.s.
C02835	Imidazole-4-acetate	-0.0	-4.0	-5.459	-2.322	-4.07930084389	-3.96626917759	n.s.
C05714	alpha-Aminopropiononitrile	5.129	4.0	2.322	5.524	3.96626917759	4.08024507449	n.s.
C05715	gamma-Amino-gamma-cyanobutanoate	5.129	4.0	2.322	5.524	3.96626917759	4.08024507449	n.s.
C05711	gamma-Glutamyl-beta-cyanoalanine	-2.322	-3.907	-5.459	-2.322	-3.98630084389	-3.87326917759	n.s.
C02713	N-Acetylmuramate	4.0	4.0	2.322	5.524	3.96626917759	4.08024507449	n.s.
C02336	beta-D-Fructose	0.0	0.0	-4.7	4.644	-0.0682751357917	0.067461644812	n.s.
C14108	4-Hydroxymethylsalicylaldehyde	-6.248	-4.0	-5.555	-2.322	-4.08069539986	-3.96626917759	n.s.
C02331	Vinylacetyl-CoA	0.0	0.0	0.0	0.0	0.0	0.0	n.s.
C00058	Formate	6.409	2.087	-3.833	4.741	2.03131944777	2.1558707274	n.s.
C06320	Precorrin_6X	0.0	0.0	0.0	0.0	0.0	0.0	n.s.
C04620	(3R)-3-Hydroxyoctanoyl-[acyl-carrier_protein]	-2.755	0.0	-4.285	4.285	-0.0622465865675	0.0622465865675	n.s.
C00655	Xanthosine_5'-phosphate	2.757	-2.393	-4.56275	3.622	-2.45928135656	-2.34038456557	n.s.
C00301	ADP-ribose	4.907	4.087	2.322	5.615	4.05326917759	4.16856699733	n.s.
C00302	DL-Glutamate	-5.129	-4.0	-5.524	-2.322	-4.08024507449	-3.96626917759	n.s.
C00718	Amylose	-3.907	0.0	-3.644	3.62925	-0.0529350201755	0.0527207524621	n.s.
C02232	3-Oxoadipyl-CoA	-8.077	-4.0	-5.555	-2.322	-4.08069539986	-3.96626917759	*
C14089	1-Hydroxymethylnaphthalene	5.741	4.6	3.459	5.883	4.54975240538	4.68546013274	n.s.
C14107	2-Hydroxy-4-hydroxymethylbenzalpyruvate	6.248	4.0	2.322	5.555	3.96626917759	4.08069539986	n.s.
C14086	2-Hydroxy-3-methylbenzalpyruvate	6.248	4.0	2.322	5.555	3.96626917759	4.08069539986	n.s.
C14087	3-Methylsalicylaldehyde	-6.248	-4.0	-5.555	-2.322	-4.08069539986	-3.96626917759	n.s.
C17551	2-Polyprenyl-6-hydroxyphenol	-1.585	-4.0	-5.555	-2.322	-4.08069539986	-3.96626917759	n.s.
C17556	di-trans,poly-cis-Undecaprenyl_phosphate	0.0	0.0	-4.644	4.644	-0.067461644812	0.067461644812	n.s.
C04442	2-Dehydro-3-deoxy-6-phospho-D-gluconate	4.672	0.0	-3.7	3.644	-0.0537485111551	0.0529350201755	n.s.
C01127	4-Hydroxy-2-oxoglutarate	5.728	3.907	2.322	5.492	3.87326917759	3.9867802225	n.s.
C06188	Salicin_6-phosphate	6.768	0.0	-4.7	4.644	-0.0682751357917	0.067461644812	n.s.
C05665	3-Aminopropanal	0.0	4.0	2.322	5.459	3.96626917759	4.07930084389	n.s.
C03058	2-Hydroxyglutaryl-CoA	6.248	4.0	2.322	5.555	3.96626917759	4.08069539986	n.s.
C06186	Arbutin	4.358	4.585	3.459	5.883	4.53475240538	4.67046013274	n.s.
C06187	Arbutin_6-phosphate	-1.807	-2.585	-5.19	4.322	-2.66039318186	-2.52221592832	n.s.
C18902	Methylselenic_acid	8.353	4.0	2.322	5.524	3.96626917759	4.08024507449	*
C03294	N-Formylmethionyl-tRNA	-3.7	-4.0	-5.524	-2.322	-4.08024507449	-3.96626917759	n.s.
C02051	Lipoylprotein	-5.248	2.585	-4.285	5.19	2.52275341343	2.66039318186	n.s.
C03114	Dimethylbenzimidazole	4.755	4.0	2.322	5.524	3.96626917759	4.08024507449	n.s.
C06611	trans-3-Chloro-2-propene-1-ol	0.0	0.0	0.0	0.0	0.0	0.0	n.s.
C06612	cis-3-Chloro-2-propene-1-ol	0.0	0.0	0.0	0.0	0.0	0.0	n.s.
C04088	Octadecanoyl-[acyl-carrier_protein]	-5.17	-4.087	-5.555	-2.322	-4.16769539986	-4.05326917759	n.s.
C06614	trans-3-Chloroacrylic_acid	0.0	0.0	0.0	0.0	0.0	0.0	n.s.
C06615	cis-3-Chloroacrylic_acid	0.0	0.0	0.0	0.0	0.0	0.0	n.s.
C06755	Chloroacetic_acid	0.0	0.0	0.0	0.0	0.0	0.0	n.s.
C06754	Chloroacetaldehyde	0.0	0.0	0.0	0.0	0.0	0.0	n.s.
C00979	O-Acetyl-L-serine	3.34	4.366	3.066	5.64625	4.32146136886	4.44802095435	n.s.
C00877	Crotonoyl-CoA	2.242	0.0	-2.32825	1.756	-0.03382161381	0.0255087528617	n.s.
C16273	3-Hydroxy-5-oxohexanoyl-CoA	-4.644	-2.459	-5.129	4.426	-2.53350705776	-2.39470515936	n.s.
C16272	3-Hydroxy-5-oxohexanoate	4.807	4.585	3.392	5.87	4.53572568923	4.67027128662	n.s.
C04246	But-2-enoyl-[acyl-carrier_protein]	3.322	0.0	-4.585	4.7	-0.0666045739585	0.0682751357917	n.s.
C00409	Methanethiol	0.0	-4.087	-5.585	-2.585	-4.16813119859	-4.04944867531	n.s.
C03373	Aminoimidazole_ribotide	-4.087	0.0	-4.755	4.7	-0.0690741001467	0.0682751357917	n.s.
C16074	Phenylacetonitrile	5.129	4.0	2.322	5.524	3.96626917759	4.08024507449	n.s.
C04778	N1-(5-Phospho-alpha-D-ribosyl)-5,6-dimethylbenzimidazole	-2.222	0.0	-4.059	4.115	-0.0589635693997	0.0597770603793	n.s.
C00407	L-Isoleucine	6.087	4.043	2.322	5.585	4.00926917759	4.12413119859	n.s.
C01401	Alanine	-5.129	-4.0	-5.524	-2.322	-4.08024507449	-3.96626917759	n.s.
C01151	D-Ribose_1,5-bisphosphate	-3.0	-3.907	-5.524	-2.322	-3.98724507449	-3.87326917759	n.s.
C06056	4-Hydroxy-L-threonine	-1.585	-3.907	-5.492	-2.322	-3.9867802225	-3.87326917759	n.s.
C06506	Adenosyl_cobyrinate_a,c_diamide	0.0	0.0	0.0	0.0	0.0	0.0	n.s.
C06055	O-Phospho-4-hydroxy-L-threonine	1.585	3.907	2.322	5.492	3.87326917759	3.9867802225	n.s.
C03479	Folinic_acid	3.322	4.0	2.322	5.524	3.96626917759	4.08024507449	n.s.
C01412	Butanal	6.57	4.0	2.322	5.524	3.96626917759	4.08024507449	n.s.
C06114	gamma-Glutamyl-beta-aminopropiononitrile	-2.322	-3.907	-5.459	-2.322	-3.98630084389	-3.87326917759	n.s.
C06508	Adenosyl_cobinamide	4.17	0.0	-4.585	4.7	-0.0666045739585	0.0682751357917	n.s.
C06509	Adenosyl_cobinamide_phosphate	2.585	0.0	-3.0	3.115	-0.0435798739096	0.0452504357428	n.s.
C09332	Tetrahydrofolyl-[Glu](2)	-3.459	-4.0	-5.524	-2.322	-4.08024507449	-3.96626917759	n.s.
C06032	D-erythro-3-Methylmalate	0.0	-1.611	-4.218	3.474	-1.67227330272	-1.56053450601	n.s.
C01157	Hydroxyproline	0.0	0.0	0.0	0.0	0.0	0.0	n.s.
C02576	Perillyl_aldehyde	0.0	4.0	2.322	5.459	3.96626917759	4.07930084389	n.s.
C03972	2,3,4,5-Tetrahydrodipicolinate	2.874	0.0	-3.668	3.611	-0.0532836591668	0.0524556415625	n.s.
C03974	2-Acyl-sn-glycerol_3-phosphate	-1.585	-4.087	-5.585	-2.322	-4.16813119859	-4.05326917759	n.s.
C00577	D-Glyceraldehyde	-8.344	0.0	-4.585	4.585	-0.0666045739585	0.0666045739585	*
C01300	2-Amino-4-hydroxy-6-hydroxymethyl-7,8-dihydropteridine	2.0	2.585	-4.322	5.209	2.52221592832	2.66066918773	n.s.
C00279	D-Erythrose_4-phosphate	3.003	0.0	-4.80725	4.80975	-0.0698331162839	0.0698694328455	n.s.
C13632	4,4'-Dihydroxy-alpha-methylstilbene	0.0	0.0	0.0	0.0	0.0	0.0	n.s.
C01304	2,5-Diamino-6-(5-phospho-D-ribosylamino)pyrimidin-4(3H)-one	0.0	0.0	-4.7	4.7	-0.0682751357917	0.0682751357917	n.s.
C01801	Deoxyribose	0.0	4.0	2.322	5.524	3.96626917759	4.08024507449	n.s.
C00275	D-Mannose_6-phosphate	-6.195	-3.728	-5.426	3.781	-3.80682146528	-3.67307483225	n.s.
C00270	N-Acetylneuraminate	1.585	3.907	2.322	5.459	3.87326917759	3.98630084389	n.s.
C00900	2-Acetolactate	0.0	0.0	-4.644	4.755	-0.067461644812	0.0690741001467	n.s.
C00479	Propanal	2.322	4.0	2.322	5.555	3.96626917759	4.08069539986	n.s.
C00475	Cytidine	0.0	0.0	-2.243	1.9615	-0.0325832190597	0.0284939742245	n.s.
C12215	Iminoerythrose_4-phosphate	-7.426	-4.0	-5.5775	-2.322	-4.08102224891	-3.96626917759	n.s.
C12214	Aminofructose_6-phosphate	7.426	4.0	2.322	5.5775	3.96626917759	4.08102224891	n.s.
C00294	Inosine	4.369	2.322	-4.392	5.073	2.2581990646	2.39569356678	n.s.
C00295	Orotate	0.0	0.0	0.0	0.0	0.0	0.0	n.s.
C00357	N-Acetyl-D-glucosamine_6-phosphate	-7.94	0.0	-4.426	4.115	-0.0642948406413	0.0597770603793	*
C05698	Selenohomocysteine	-0.0	0.0	-4.644	4.644	-0.067461644812	0.067461644812	n.s.
C01267	3-(Imidazol-4-yl)-2-oxopropyl_phosphate	0.0	0.0	-2.737	2.794	-0.0397593716302	0.0405873892345	n.s.
C00353	Geranylgeranyl_diphosphate	-3.17	-4.0	-5.585	-2.322	-4.08113119859	-3.96626917759	n.s.
C00352	D-Glucosamine_6-phosphate	-5.326	0.0	-4.433	4.524	-0.0643965270137	0.0657184498556	n.s.
C00299	Uridine	-1.788	0.0	-2.184	2.241	-0.0317261482062	0.0325541658105	n.s.
C02166	Leukotriene_C4	2.322	3.907	2.322	5.459	3.87326917759	3.98630084389	n.s.
C04666	D-erythro-1-(Imidazol-4-yl)glycerol_3-phosphate	0.0	-2.415	-5.035	4.078	-2.48814155504	-2.35576042473	n.s.
C01269	5-O-(1-Carboxyvinyl)-3-phosphoshikimate	0.0	0.0	-3.644	3.807	-0.0529350201755	0.0553028599913	n.s.
C05979	Propane-1-ol	-2.322	-4.0	-5.555	-2.322	-4.08069539986	-3.96626917759	n.s.
C05898	Undecaprenyl-diphospho-N-acetylmuramoyl-(N-acetylglucosamine)-L-alanyl-D-glutamyl-meso-2,6-diaminopimeloyl-D-alanyl-D-alanine	-5.833	-3.907	-5.492	-2.322	-3.9867802225	-3.87326917759	n.s.
C05893	Undecaprenyl-diphospho-N-acetylmuramoyl-(N-acetylglucosamine)-L-alanyl-gamma-D-glutamyl-L-lysyl-D-alanyl-D-alanine	-5.833	-3.907	-5.492	-2.322	-3.9867802225	-3.87326917759	n.s.
C05892	UDP-N-acetylmuramoyl-L-alanyl-gamma-D-glutamyl-L-lysine	4.087	4.0	2.322	5.555	3.96626917759	4.08069539986	n.s.
C05596	p-Hydroxyphenylacetylglycine	-1.585	-4.087	-5.585	-2.322	-4.16813119859	-4.05326917759	n.s.
C01279	4-Amino-5-hydroxymethyl-2-methylpyrimidine	-0.0	0.0	-4.7	4.7	-0.0682751357917	0.0682751357917	n.s.
C04046	3-D-Glucosyl-1,2-diacylglycerol	0.0	0.0	0.0	0.0	0.0	0.0	n.s.
C05382	Sedoheptulose_7-phosphate	-5.961	0.0	-3.585	3.585	-0.0520779493219	0.0520779493219	n.s.
C00120	Biotin	0.0	0.0	-4.059	4.115	-0.0589635693997	0.0597770603793	n.s.
C00121	D-Ribose	0.0	4.0	2.322	5.524	3.96626917759	4.08024507449	n.s.
C00122	Fumarate	-0.628	0.0	-0.898	1.71	-0.0130449089236	0.0248405281285	n.s.
C00123	L-Leucine	5.209	4.0	2.322	5.585	3.96626917759	4.08113119859	n.s.
C00129	Isopentenyl_diphosphate	-1.907	0.0	-4.229	4.285	-0.0614330955879	0.0622465865675	n.s.
C15532	N-Acetyl-L-citrulline	1.0	4.0	2.322	5.524	3.96626917759	4.08024507449	n.s.
C00356	(S)-3-Hydroxy-3-methylglutaryl-CoA	0.0	0.0	0.0	0.0	0.0	0.0	n.s.
C11934	2-Hydroxy-4-isopropenylcyclohexane-1-carboxyl-CoA	-6.248	-4.0	-5.555	-2.322	-4.08069539986	-3.96626917759	n.s.
C15973	Enzyme_N6-(dihydrolipoyl)lysine	5.038	4.55	3.382	5.875	4.50087095548	4.63534391974	n.s.
C03028	Thiamin_triphosphate	-4.0	-3.907	-5.492	-2.322	-3.9867802225	-3.87326917759	n.s.
C05749	Hexanoyl-[acp]	4.392	0.0	-4.7	4.585	-0.0682751357917	0.0666045739585	n.s.
C20589	D-Glucosaminate-6-phosphate	-0.585	-5.077	-6.006	-4.109	-5.16424690757	-5.01731009937	*
C05747	(R)-3-Hydroxyhexanoyl-[acp]	-3.17	0.0	-4.7	4.7	-0.0682751357917	0.0682751357917	n.s.
C05746	3-Oxohexanoyl-[acp]	-4.459	0.0	-4.644	4.644	-0.067461644812	0.067461644812	n.s.
C05745	Butyryl-[acp]	4.392	0.0	-4.7	4.585	-0.0682751357917	0.0666045739585	n.s.
C05744	Acetoacetyl-[acp]	-2.672	-2.17	-4.735	3.833	-2.23878356765	-2.11431944777	n.s.
C03150	Nicotinamide-beta-riboside	4.426	4.585	3.392	5.858	4.53572568923	4.67009696712	n.s.
C04618	(3R)-3-Hydroxybutanoyl-[acyl-carrier_protein]	-2.433	0.0	-3.963	3.963	-0.0575690134346	0.0575690134346	n.s.
C02091	(S)-Ureidoglycine	-3.807	-4.0	-5.524	-2.322	-4.08024507449	-3.96626917759	n.s.
C00726	Nitrile	5.129	4.0	2.322	5.524	3.96626917759	4.08024507449	n.s.
C00055	CMP	0.0	0.0	0.0	0.0	0.0	0.0	n.s.
C03539	S-Ribosyl-L-homocysteine	-3.7	0.0	-4.755	4.644	-0.0690741001467	0.067461644812	n.s.
C00199	D-Ribulose_5-phosphate	-3.962	2.068	-4.012	4.776	2.00971918196	2.13737915926	n.s.
C00051	Glutathione	2.322	3.907	2.322	5.459	3.87326917759	3.98630084389	n.s.
C00052	UDP-alpha-D-galactose	-3.193	0.0	-3.893	3.893	-0.05655214971	0.05655214971	n.s.
C00194	Cobamide_coenzyme	-3.503	-4.585	-5.891	-3.322	-4.67057634573	-4.53674255296	n.s.
C00197	3-Phospho-D-glycerate	-0.962	-2.115	-4.72075	4.219	-2.18357656325	-2.05371217066	n.s.
C03785	D-Tagatose_1,6-bisphosphate	5.186	-1.926	-4.9705	4.459	-1.99820458776	-1.86122578075	n.s.
C02714	N-Acetylputrescine	-3.907	-4.0	-5.555	-2.322	-4.08069539986	-3.96626917759	n.s.
C00192	Hydroxylamine	3.17	3.907	2.322	5.492	3.87326917759	3.9867802225	n.s.
C00354	D-Fructose_1,6-bisphosphate	-5.644	0.0	-2.059	2.17	-0.0299103201266	0.0315227754613	*
C01118	O-Succinyl-L-homoserine	0.0	0.0	0.0	0.0	0.0	0.0	n.s.
C01050	UDP-N-acetylmuramate	4.865	0.0	-4.478	4.421	-0.0650502251224	0.0642222075181	n.s.
C04574	di-trans,poly-cis-Undecaprenyl_diphosphate	-3.807	0.0	-4.585	4.7	-0.0666045739585	0.0682751357917	n.s.
C05130	Imidazole-4-acetaldehyde	0.0	4.0	2.322	5.459	3.96626917759	4.07930084389	n.s.
C00206	dADP	7.275	-3.1	-5.087	3.778	-3.17389693953	-3.04511841212	*
C06156	alpha-D-Glucosamine_1-phosphate	0.0	0.0	0.0	0.0	0.0	0.0	n.s.
C04807	2-Amino-7,8-dihydro-4-hydroxy-6-(diphosphooxymethyl)pteridine	2.0	0.0	-4.7	4.755	-0.0682751357917	0.0690741001467	n.s.
C20423	alpha-D-Ribose_1-methylphosphonate_5-phosphate	0.0	0.0	-4.644	4.62925	-0.067461644812	0.0672473770986	n.s.
C20422	alpha-D-Ribose_1-methylphosphonate_5-triphosphate	0.0	-3.672	-5.384	3.755	-3.75021134704	-3.61745252449	n.s.
C03492	D-4'-Phosphopantothenate	1.585	0.0	-4.644	4.644	-0.067461644812	0.067461644812	n.s.
C02457	Propane-1,3-diol	-2.322	-4.0	-5.555	-2.322	-4.08069539986	-3.96626917759	n.s.
C06010	(S)-2-Acetolactate	0.0	0.0	-4.059	4.17	-0.0589635693997	0.0605760247343	n.s.
C00831	Pantetheine	4.585	4.0	2.322	5.492	3.96626917759	4.0797802225	n.s.
