Compound_code	Compound_name	Metabolite_score	Significance	Lower_95_Confidence	Upper_95_Confidence
C05528	3-Sulfopyruvate	-5.285	<0.01	-7.53597190188	-5.97787754336
C05527	3-Sulfinylpyruvate	0.0	<0.01	0.0	0.0
C00027	Hydrogen_peroxide	-6.585	n.s.	-6.78034783496	-4.67655725376
C02876	Propanoyl_phosphate	-3.0	<0.01	-0.619	0.619
C16242	Cobalt-precorrin_5A	-0.0	<0.01	2.05647642972	3.12414928003
C16243	Cobalt-precorrin_5B	-1.0	<0.01	1.05671291053	2.11494481532
C06723	6-Carboxyhex-2-enoyl-CoA	4.248	<0.01	4.67655725376	6.78034783496
C00944	3-Dehydroquinate	-1.0	<0.01	-6.78034783496	-4.67655725376
C16595	4-Hydroxy-5-phenyltetrahydro-1,3-oxazin-2-one	2.807	<0.01	4.67655725376	6.78034783496
C02430	L-Methionyl-tRNA	-2.807	<0.01	2.7233199256	3.77948002563
C04332	6,7-Dimethyl-8-(D-ribityl)lumazine	-4.755	<0.01	-3.70275340466	-2.64978108655
C14819	Fe3+	-5.492	n.s.	-6.78034783496	-4.67655725376
C14818	Fe2+	5.492	n.s.	4.67655725376	6.78034783496
C00431	5-Aminopentanoate	-8.555	<0.01	-7.514768936	-5.9532815594
C00437	N-Acetylornithine	0.0	<0.01	-4.81733809524	-3.71865238095
C01451	Salicin	0.0	<0.01	4.67655725376	6.78034783496
C00438	N-Carbamoyl-L-aspartate	-2.0	<0.01	-0.613329009522	0.613329009522
C00826	L-Arogenate	1.585	<0.01	4.67655725376	6.78034783496
C00534	Pyridoxamine	0.0	<0.01	0.0	0.0
C00469	Ethanol	7.285	n.s.	5.97002081438	7.52701691354
C01181	4-Trimethylammoniobutanoate	-0.0	<0.01	-6.78034783496	-4.67655725376
C04877	UDP-N-acetylmuramoyl-L-alanyl-D-gamma-glutamyl-meso-2,6-diaminopimelate	0.0	<0.01	1.47120211383	2.53397285289
C04874	2-Amino-4-hydroxy-6-(D-erythro-1,2,3-trihydroxypropyl)-7,8-dihydropteridine	3.585	<0.01	4.67655725376	6.78034783496
C01185	Nicotinate_D-ribonucleotide	3.392	<0.01	-5.20366915627	-4.13044883286
C15812	[Enzyme]-S-sulfanylcysteine	-4.322	<0.01	-3.53695665249	-2.4756767317
C15813	C15813	0.0	<0.01	0.0	0.0
C15810	C15810	0.0	<0.01	0.0	0.0
C15811	[Enzyme]-cysteine	4.858	n.s.	4.67655725376	6.78034783496
C15814	C15814	0.0	n.s.	0.0	0.0
C15815	C15815	0.0	n.s.	-0.620149571708	0.620149571708
C16688	Sucrose_6-phosphate	0.0	<0.01	-2.53573524332	-1.46779387327
C05752	Octanoyl-[acp]	4.459	<0.01	2.46557375379	3.54643845403
C00794	D-Sorbitol	3.0	<0.01	5.70946048659	7.33176400513
C05840	Iminoaspartate	0.0	<0.01	-2.33071537191	-1.25868257771
C00886	L-Alanyl-tRNA	-3.907	<0.01	-6.78034783496	-4.67655725376
C00506	L-Cysteate	5.285	<0.01	5.97787754336	7.53597190188
C01233	sn-Glycero-3-phosphoethanolamine	0.0	<0.01	4.67655725376	6.78034783496
C00226	Primary_alcohol	7.285	n.s.	5.97002081438	7.52701691354
C00222	3-Oxopropanoate	0.0	n.s.	0.0	0.0
C00221	beta-D-Glucose	2.585	<0.01	4.67655725376	6.78034783496
C00385	Xanthine	-3.015	n.s.	-3.89531074422	-2.63446252086
C00387	Guanosine	4.874	<0.01	6.01639746594	7.57766250018
C02504	alpha-Isopropylmalate	0.0	<0.01	-5.57292345986	-4.45686151842
C00229	Acyl-carrier_protein	4.644	<0.01	-0.0296430144243	1.03047433082
C00499	Allantoate	2.0	<0.01	4.67655725376	6.78034783496
C00380	Cytosine	0.0	<0.01	0.0	0.0
C16396	2,4-Diamino-6-nitrotoluene	5.585	<0.01	5.79213167655	7.39586952049
C14463	(R)-3-Hydroxy-3-methyl-2-oxopentanoate	0.0	<0.01	0.0	0.0
C00546	Methylglyoxal	-3.755	<0.01	-7.49035449842	-5.91289987512
C16399	2,4-Diamino-6-hydroxylaminotoluene	-5.585	<0.01	-7.39586952049	-5.79213167655
C16217	3-Hydroxyoctadecanoyl-CoA	-5.129	n.s.	-6.78034783496	-4.67655725376
C02291	L-Cystathionine	1.585	<0.01	4.67655725376	6.78034783496
C00364	dTMP	-3.322	<0.01	-2.98844119186	-1.927188003
C00365	dUMP	1.874	<0.01	-4.69627759504	-3.455022226
C00362	dGMP	0.0	<0.01	0.0	0.0
C16244	Cobalt-precorrin_7	0.0	<0.01	0.471565503866	1.53101167076
C00360	dAMP	0.0	<0.01	0.0	0.0
C00008	ADP	-5.273	<0.01	4.19381816443	5.45267970189
C00007	Oxygen	6.585	n.s.	4.67655725376	6.78034783496
C00006	NADP+	-3.0	<0.01	-6.78034783496	-4.67655725376
C00003	NAD+	0.0	<0.01	4.37695678291	5.44256869413
C00002	ATP	0.0	<0.01	-6.49790318788	-5.38312539182
C00369	Starch	2.17	<0.01	-4.16220864963	-3.03524529609
C05703	Methaneselenol	-6.119	n.s.	-7.53035268978	-5.97002081438
C06613	trans-3-Chloroallyl_aldehyde	-5.539	<0.01	3.1681008762	4.55872870907
C06507	Adenosyl_cobyrinate_hexaamide	0.0	<0.01	1.44596245441	2.56290280914
C16619	6-Thioguanosine_monophosphate	-4.248	<0.01	-7.53945037752	-5.98572582239
C11062	4-Hydroxybutyryl-CoA	5.066	n.s.	4.67655725376	6.78034783496
C02612	(R)-2-Methylmalate	0.0	<0.01	5.88827159211	7.46681541413
C16615	6-Methylthiopurine_5'-monophosphate_ribonucleotide	-3.807	<0.01	-6.78034783496	-4.67655725376
C16614	6-Methylmercaptopurine	3.807	<0.01	4.67655725376	6.78034783496
C00645	N-Acetyl-D-mannosamine	-2.644	<0.01	-7.55397376226	-6.00139746594
C00099	beta-Alanine	0.737	<0.01	3.39518293995	4.55378272111
C00311	Isocitrate	0.0	<0.01	-2.65703975893	-1.35851018203
C00310	D-Xylulose	-1.585	<0.01	-3.11851304612	-2.05743719528
C00641	1,2-Diacyl-sn-glycerol	0.0	n.s.	-1.06339355396	0.0622391449909
C01931	L-Lysyl-tRNA	-5.285	n.s.	-6.78034783496	-4.67655725376
C00315	Spermidine	0.0	n.s.	0.0	0.0
C00314	Pyridoxine	2.322	<0.01	4.67655725376	6.78034783496
C00091	Succinyl-CoA	3.3	<0.01	-5.06383632197	-3.60170114162
C00760	Cellulose	0.0	<0.01	-1.57830889869	-0.424419803875
C00093	sn-Glycerol_3-phosphate	3.891	<0.01	-5.55615477988	-4.39698664884
C00094	Sulfite	0.0	<0.01	-4.31398933357	-2.70710685099
C00095	D-Fructose	-2.459	<0.01	-5.60054367536	-4.44680818036
C00096	GDP-mannose	0.0	<0.01	0.0	0.0
C00097	L-Cysteine	2.913	<0.01	-4.73365729905	-3.50744169093
C14099	2-Naphthaldehyde	-7.285	n.s.	-7.52701691354	-5.97002081438
C06311	Galactitol_1-phosphate	-3.115	<0.01	-7.30477188734	-5.67042784461
C00433	2,5-Dioxopentanoate	0.0	<0.01	4.67655725376	6.78034783496
C14090	1-Naphthaldehyde	-7.285	n.s.	-7.52701691354	-5.97002081438
C14095	2-Hydroxy-3-carboxybenzalpyruvate	4.248	<0.01	4.67655725376	6.78034783496
C15667	5-Carboxyamino-1-(5-phospho-D-ribosyl)imidazole	2.807	<0.01	4.67655725376	6.78034783496
C14096	3-Formylsalicylic_acid	-4.248	<0.01	-6.78034783496	-4.67655725376
C02702	L-Prolyl-tRNA(Pro)	-6.508	n.s.	-6.78034783496	-4.67655725376
C04732	5-Amino-6-(1-D-ribitylamino)uracil	4.755	<0.01	2.64978108655	3.70275340466
C04734	1-(5'-Phosphoribosyl)-5-formamido-4-imidazolecarboxamide	0.0	<0.01	0.0	0.0
C05172	Selenophosphoric_acid	0.0	<0.01	4.67655725376	6.78034783496
C11948	2,6-Dimethyl-5-methylene-3-oxo-heptanoyl-CoA	1.0	<0.01	4.67655725376	6.78034783496
C11949	3-Isopropylbut-3-enoyl-CoA	-1.0	<0.01	-6.78034783496	-4.67655725376
C05775	alpha-Ribazole	0.0	<0.01	-3.28061651502	-2.12632336652
C07118	Benzoyl_acetyl-CoA	1.0	<0.01	4.67655725376	6.78034783496
C05773	Cobyrinate	-2.585	<0.01	-6.78034783496	-4.67655725376
C05778	Sirohydrochlorin	1.807	n.s.	0.976602622401	2.2008443418
C05670	3-Aminopropiononitrile	1.0	<0.01	4.67655725376	6.78034783496
C00164	Acetoacetate	0.0	<0.01	4.09107105517	5.28101992626
C00166	Phenylpyruvate	2.449	<0.01	-4.98339370233	-3.52369107684
C00167	UDP-glucuronate	-3.907	<0.01	-6.78034783496	-4.67655725376
C00160	Glycolate	6.124	<0.01	1.02687698302	2.14889497264
C03794	N6-(1,2-Dicarboxyethyl)-AMP	-0.737	n.s.	-1.96772812428	-0.625670772313
C00162	Fatty_acid	0.0	<0.01	4.67655725376	6.78034783496
C00163	Propanoate	5.883	n.s.	4.67655725376	6.78034783496
C02984	L-Aspartyl-tRNA(Asp)	-4.585	<0.05	-6.78034783496	-4.67655725376
C02987	L-Glutamyl-tRNA(Glu)	-3.7	<0.01	-6.78034783496	-4.67655725376
C00169	Carbamoyl_phosphate	-3.153	<0.01	3.77925437418	4.91426589835
C02047	L-Leucyl-tRNA	-4.17	<0.01	-6.78034783496	-4.67655725376
C03082	4-Phospho-L-aspartate	2.263	<0.01	-1.05193208086	0.0498249285426
C04377	5,10-Methylenetetrahydromethanopterin	-3.0	<0.01	-6.78034783496	-4.67655725376
C04376	5'-Phosphoribosyl-N-formylglycinamide	3.322	<0.01	-2.69443861278	-1.63294024874
C20396	Methylphosphonate	0.0	<0.01	5.55074120136	7.21670966997
C20258	(2S,4S)-4-Hydroxy-2,3,4,5-tetrahydrodipicolinate	-4.974	<0.01	-2.36868898356	-1.22301032405
C03089	5-Methylthio-D-ribose	0.0	<0.01	0.0	0.0
C00860	L-Histidinol	-2.0	n.s.	-2.98696828002	-1.92866471601
C00862	Methanofuran	0.0	n.s.	0.0	0.0
C02962	D-Allose_6-phosphate	4.755	n.s.	4.67655725376	6.78034783496
C00864	Pantothenate	3.807	<0.01	1.93134942526	2.98316760109
C04272	(R)-2,3-Dihydroxy-3-methylbutanoate	0.0	<0.01	2.11272551991	3.29637673506
C04501	N-Acetyl-alpha-D-glucosamine_1-phosphate	0.0	<0.01	0.0	0.0
C00906	5,6-Dihydrothymine	0.0	<0.01	4.67655725376	6.78034783496
C01419	Cys-Gly	5.109	<0.01	-5.2636746278	-4.18567646549
C16186	L-Ascorbate_6-phosphate	-0.807	<0.01	-7.53502474897	-5.98572582239
C01149	4-Trimethylammoniobutanal	0.0	<0.01	4.67655725376	6.78034783496
C01144	(S)-3-Hydroxybutanoyl-CoA	4.651	<0.01	2.87495201428	4.24908045993
C01146	2-Hydroxy-3-oxopropanoate	0.0	<0.01	-6.78034783496	-4.67655725376
C04421	N-Succinyl-LL-2,6-diaminoheptanedioate	0.0	<0.01	0.0	0.0
C01142	(3S)-3,6-Diaminohexanoate	-2.0	<0.01	-6.78034783496	-4.67655725376
C06510	Adenosine-GDP-cobinamide	-1.0	<0.01	2.05707729203	3.12232136077
C03561	(R)-3-Hydroxybutanoyl-CoA	6.948	<0.05	4.67655725376	6.78034783496
C03402	L-Asparaginyl-tRNA(Asn)	-4.17	<0.01	-6.78034783496	-4.67655725376
C03406	N-(L-Arginino)succinate	-2.322	<0.01	-6.78034783496	-4.67655725376
C05512	Deoxyinosine	3.322	<0.01	-3.28252237601	-2.12323566567
C04181	3-Hydroxy-3-methyl-2-oxobutanoic_acid	0.0	<0.01	0.0	0.0
C07645	Aldophosphamide	2.807	<0.01	4.67655725376	6.78034783496
C07648	Thioguanine	3.807	<0.01	4.67655725376	6.78034783496
C05519	L-Allothreonine	0.0	<0.01	0.0	0.0
C00327	L-Citrulline	2.322	<0.01	3.22976704545	4.30005227273
C00692	UDP-N-acetylmuramoyl-L-alanyl-D-glutamate	-2.807	<0.01	1.63110072426	2.6961959739
C02320	R-S-Glutathione	1.0	<0.01	4.67655725376	6.78034783496
C00084	Acetaldehyde	5.683	<0.01	2.99403732047	4.21759846306
C02463	Precorrin_2	0.0	<0.01	4.67655725376	6.78034783496
C05269	3-Oxohexanoyl-CoA	-7.055	<0.01	-6.78034783496	-4.67655725376
C03232	3-Phosphonooxypyruvate	-1.0	<0.01	-6.78034783496	-4.67655725376
C18096	D-Allulose_6-phosphate	-4.755	n.s.	-6.78034783496	-4.67655725376
C00269	CDP-diacylglycerol	-2.0	<0.01	-5.37143298612	-4.29566698121
C09814	Benzonitrile	3.17	<0.01	4.67655725376	6.78034783496
C11539	Cobalt-precorrin_3	2.585	<0.01	4.67655725376	6.78034783496
C11538	Cobalt-sirohydrochlorin	-2.807	<0.01	-6.78034783496	-4.67655725376
C00263	L-Homoserine	0.0	<0.01	0.160213347967	1.8741590252
C00262	Hypoxanthine	-2.369	<0.01	2.71618927045	3.96591010607
C13629	1,2-Bis(4-hydroxyphenyl)-2-propanol	0.0	<0.01	0.0	0.0
C16216	3-Oxostearoyl-CoA	5.129	n.s.	4.67655725376	6.78034783496
C00267	alpha-D-Glucose	2.07	<0.01	-4.36005960032	-3.18492107131
C00266	Glycolaldehyde	-3.585	<0.01	-6.78034783496	-4.67655725376
C04494	Guanosine_3'-diphosphate_5'-triphosphate	-2.585	<0.01	-1.02756189433	0.0267338444169
C00402	D-Aspartate	-3.322	<0.01	-6.78034783496	-4.67655725376
C00460	dUTP	2.585	<0.01	4.67655725376	6.78034783496
C00286	dGTP	-5.441	n.s.	-6.18244676917	-5.01888031855
C00283	Hydrogen_sulfide	0.0	<0.01	4.20361430888	5.53218301608
C00282	Hydrogen	-3.807	<0.01	-6.78034783496	-4.67655725376
C00320	Thiosulfate	0.0	<0.01	0.0	0.0
C01962	Thiocysteine	-1.585	<0.01	-6.78034783496	-4.67655725376
C00088	Nitrite	0.0	<0.01	0.0	0.0
C04691	2-Dehydro-3-deoxy-D-arabino-heptonate_7-phosphate	-0.0	<0.01	1.26133634758	2.32522954042
C02218	Dehydroalanine	-3.17	<0.01	-6.78034783496	-4.67655725376
C05947	L-erythro-4-Hydroxyglutamate	0.0	<0.01	0.0	0.0
C05946	D-4-Hydroxy-2-oxoglutarate	0.0	<0.01	0.0	0.0
C01209	Malonyl-[acyl-carrier_protein]	3.781	<0.01	-3.62922512076	-2.55555654176
C00217	D-Glutamate	1.939	<0.01	-3.76414284778	-2.59878126844
C00214	Thymidine	0.0	<0.01	0.0	0.0
C00212	Adenosine	4.605	<0.01	5.77423320242	7.38029781983
C00606	3-Sulfino-L-alanine	-3.322	<0.01	3.22723761648	4.59133119443
C06399	Hydrogenobyrinate	-2.585	<0.01	-6.78034783496	-4.67655725376
C05841	Nicotinate_D-ribonucleoside	4.087	<0.01	4.67655725376	6.78034783496
C00035	GDP	-3.678	<0.01	-2.37917778162	-1.21203250368
C05844	5-L-Glutamyl-taurine	-1.0	<0.01	-6.78034783496	-4.67655725376
C00033	Acetate	5.69	n.s.	4.59577444921	5.70048113304
C00031	D-Glucose	0.0	<0.01	-5.47134192276	-4.39909618611
C00136	Butanoyl-CoA	-2.907	<0.01	4.13542387041	5.45063097608
C00135	L-Histidine	3.7	<0.01	1.05471979762	2.11794914214
C00134	Putrescine	0.874	<0.01	-3.39849603201	-2.23273070112
C00133	D-Alanine	-3.154	<0.01	-5.65752964904	-4.58349430973
C00131	dATP	2.83	<0.01	0.572395914703	2.02708203664
C00130	IMP	2.524	<0.01	-0.112929287008	1.11669608412
C05635	5-Hydroxyindoleacetate	-0.0	<0.01	-6.78034783496	-4.67655725376
C05634	5-Hydroxyindoleacetaldehyde	0.0	<0.01	4.67655725376	6.78034783496
C06112	L-Glutamyl-tRNA(Gln)	0.0	<0.01	0.0	0.0
C00043	UDP-N-acetyl-alpha-D-glucosamine	-2.883	<0.01	-4.79510666667	-3.47976
C00041	L-Alanine	2.0	<0.01	-4.28542422001	-3.14542624077
C00040	Acyl-CoA	3.948	<0.01	5.69944615385	7.32438461538
C00047	L-Lysine	3.273	<0.01	-5.04087638578	-3.87172962569
C00046	RNA	-4.539	<0.01	4.83370995249	6.0674116065
C00044	GTP	-5.319	<0.01	-0.195084309219	1.19902219621
C00049	L-Aspartate	-2.31	<0.01	-1.96444957371	-0.62556528444
C00048	Glyoxylate	-3.233	<0.01	-1.83811049536	-0.186987102682
C02642	3-Ureidopropionate	-0.0	<0.01	-6.78034783496	-4.67655725376
C00149	(S)-Malate	0.0	<0.01	3.47143591682	4.82060343703
C06481	L-Seryl-tRNA(Sec)	-4.755	<0.01	-3.12130438069	-2.05555860726
C20440	alpha-D-Ribose_1,2-cyclic_phosphate_5-phosphate	2.0	<0.01	-2.69441820286	-1.63357589949
C06482	L-Selenocysteinyl-tRNA(Sec)	-0.0	<0.01	-6.78034783496	-4.67655725376
C04236	(2S)-2-Isopropyl-3-oxosuccinate	0.0	<0.01	-6.78034783496	-4.67655725376
C01101	L-Ribulose_5-phosphate	0.0	<0.01	4.67655725376	6.78034783496
C01100	L-Histidinol_phosphate	1.415	<0.01	-1.58052753466	-0.42353240705
C01103	Orotidine_5'-phosphate	-2.222	n.s.	-2.58555126733	-1.42145304116
C01102	O-Phospho-L-homoserine	0.0	n.s.	0.0	0.0
C05125	2-(alpha-Hydroxyethyl)thiamine_diphosphate	0.0	<0.01	-4.06368943414	-2.55220873432
C03688	Apo-[acyl-carrier-protein]	2.585	<0.01	4.67655725376	6.78034783496
C06002	(S)-Methylmalonate_semialdehyde	0.0	<0.01	4.67655725376	6.78034783496
C06007	(R)-2,3-Dihydroxy-3-methylpentanoate	0.0	<0.01	2.11272551991	3.29637673506
C06006	(S)-2-Aceto-2-hydroxybutanoate	0.0	<0.01	-2.69590211927	-1.63119164358
C00227	Acetyl_phosphate	0.0	n.s.	-0.414333262248	1.46406938547
C16565	Aminopropylcadaverine	-0.0	<0.01	-6.78034783496	-4.67655725376
C04633	(3R)-3-Hydroxypalmitoyl-[acyl-carrier_protein]	-3.977	<0.01	-0.06867125	1.06743875
C16255	[Dihydrolipoyllysine-residue_acetyltransferase]_S-acetyldihydrolipoyllysine	-0.0	<0.01	-7.40490331451	-5.80998733314
C00954	Indole-3-acetate	-1.874	<0.01	-7.51693060988	-5.94539880478
C00957	Mercaptopyruvate	-2.682	<0.01	3.32199817919	4.78179975914
C05345	beta-D-Fructose_6-phosphate	4.499	n.s.	4.04888097315	5.28033247953
C00818	D-Glucarate	-0.0	<0.01	-6.78034783496	-4.67655725376
C00819	D-Glutamine	0.0	<0.01	0.0	0.0
C00424	(S)-Lactaldehyde	0.0	<0.01	-6.78034783496	-4.67655725376
C00429	5,6-Dihydrouracil	0.0	<0.01	4.67655725376	6.78034783496
C00817	D-Altronate	0.0	<0.01	0.0	0.0
C03451	(R)-S-Lactoylglutathione	3.0	<0.01	4.67655725376	6.78034783496
C01672	Cadaverine	0.0	<0.01	4.67655725376	6.78034783496
C00036	Oxaloacetate	1.671	<0.01	-4.92722956047	-3.4723057426
C05223	Dodecanoyl-[acyl-carrier_protein]	4.459	<0.01	2.46557375379	3.54643845403
C00037	Glycine	-2.73	<0.01	3.15461404595	4.4055092524
C15809	Iminoglycine	0.0	<0.01	4.67655725376	6.78034783496
C16698	N-Acetylmuramic_acid_6-phosphate	0.0	<0.01	-7.53945037752	-5.98572582239
C03912	(S)-1-Pyrroline-5-carboxylate	0.0	<0.01	0.0	0.0
C02512	3-Cyano-L-alanine	1.0	<0.01	4.67655725376	6.78034783496
C00253	Nicotinate	-4.196	<0.01	-7.58323606387	-6.04043612367
C00250	Pyridoxal	2.322	<0.01	4.67655725376	6.78034783496
C00251	Chorismate	0.322	<0.01	-5.57886579111	-4.36060554818
C00256	(R)-Lactate	6.585	n.s.	4.67655725376	6.78034783496
C05338	4-Hydroxyphenylacetyl-CoA	1.0	<0.01	4.67655725376	6.78034783496
C00255	Riboflavin	-2.585	n.s.	-3.44527939798	-2.37446114244
C05336	Selenomethionyl-tRNA(Met)	-4.0	<0.01	-6.78034783496	-4.67655725376
C00392	Mannitol	6.098	n.s.	5.9532815594	7.52331650806
C00258	D-Glycerate	0.0	<0.01	-2.20552049758	-0.972226077133
C05335	L-Selenomethionine	1.0	<0.01	-5.02341577762	-3.93722224004
C16596	5-Phenyl-1,3-oxazinane-2,4-dione	-2.807	<0.01	-6.78034783496	-4.67655725376
C04390	N6-Acetyl-LL-2,6-diaminoheptanedioate	3.17	<0.01	4.67655725376	6.78034783496
C01081	Thiamin_monophosphate	0.0	<0.01	-6.78034783496	-4.67655725376
C01083	alpha,alpha-Trehalose	0.0	<0.01	4.67655725376	6.78034783496
C00559	Deoxyadenosine	-3.322	<0.01	2.12323566567	3.28252237601
C00491	L-Cystine	1.585	<0.01	4.67655725376	6.78034783496
C00492	Raffinose	0.0	<0.01	4.67655725376	6.78034783496
C00493	Shikimate	0.0	<0.01	-1.99483407083	-0.600979590159
C00555	4-Aminobutyraldehyde	0.0	<0.01	4.67655725376	6.78034783496
C01089	(R)-3-Hydroxybutanoate	0.0	<0.01	4.67655725376	6.78034783496
C00498	ADP-glucose	-1.322	n.s.	-1.93611161949	-0.655061769007
C00882	Dephospho-CoA	-2.0	<0.01	1.92623312436	2.99039412718
C00881	Deoxycytidine	3.322	<0.01	4.67655725376	6.78034783496
C00078	L-Tryptophan	4.17	<0.01	4.67655725376	6.78034783496
C00079	L-Phenylalanine	0.326	<0.01	1.54383913454	3.22817306902
C00072	Ascorbate	0.807	<0.01	5.98572582239	7.53502474897
C00073	L-Methionine	2.766	<0.01	-5.49528826845	-4.35126900013
C00071	Aldehyde	-6.295	n.s.	-7.43002865695	-5.84470007163
C00077	L-Ornithine	1.948	<0.01	-2.34871437559	-1.23963063224
C00074	Phosphoenolpyruvate	-5.421	<0.01	1.99309975669	3.19364276717
C00075	UTP	6.313	n.s.	5.61211151382	7.26129465346
C04454	5-Amino-6-(5'-phospho-D-ribitylamino)uracil	-4.585	<0.05	-6.78034783496	-4.67655725376
C00039	DNA	0.0	<0.05	0.0	0.0
C03127	L-Isoleucyl-tRNA(Ile)	-5.129	n.s.	-6.78034783496	-4.67655725376
C00085	D-Fructose_6-phosphate	5.706	<0.01	-3.74456224551	-2.61487846877
C02352	1,4-beta-D-Xylan	0.0	<0.01	4.67655725376	6.78034783496
C00083	Malonyl-CoA	-3.391	<0.01	5.51511382281	6.59282989696
C00082	L-Tyrosine	-0.535	<0.01	0.971607664089	2.78361890578
C00080	H+	3.807	<0.01	4.67655725376	6.78034783496
C16630	5,6-Dihydro-5-fluorouracil	0.0	<0.01	4.67655725376	6.78034783496
C04640	2-(Formamido)-N1-(5'-phosphoribosyl)acetamidine	-3.0	<0.01	-0.532687558665	0.532687558665
C03175	Shikimate_3-phosphate	0.0	<0.01	1.53779435677	2.79431428919
C00089	Sucrose	0.0	<0.01	6.04043612367	7.58923322827
C04646	6-Thioinosine-5'-monophosphate	4.524	<0.01	-2.11390672458	-1.05898861296
C00670	sn-Glycero-3-phosphocholine	0.0	<0.01	4.67655725376	6.78034783496
C00671	(S)-3-Methyl-2-oxopentanoic_acid	0.0	<0.01	-6.78034783496	-4.67655725376
C00672	2-Deoxy-D-ribose_1-phosphate	3.7	<0.01	-3.78314129745	-2.72390605055
C00673	2-Deoxy-D-ribose_5-phosphate	-1.585	<0.01	3.46929204267	4.56336073716
C01251	(R)-2-Hydroxybutane-1,2,4-tricarboxylate	-0.0	<0.01	-6.78034783496	-4.67655725376
C01250	N-Acetyl-L-glutamate_5-semialdehyde	0.0	<0.01	1.56937174758	2.76197206971
C01929	L-Histidinal	0.0	<0.01	0.0	0.0
C05936	N4-Acetylaminobutanal	0.0	<0.01	4.67655725376	6.78034783496
C00106	Uracil	2.248	<0.01	-4.06401335166	-2.88624733464
C00105	UMP	0.0	<0.01	1.98121525543	3.48261360371
C00103	D-Glucose_1-phosphate	2.549	n.s.	2.11272551991	3.29637673506
C00100	Propanoyl-CoA	-5.426	<0.01	1.39242233248	2.61883456767
C00101	Tetrahydrofolate	1.297	<0.01	4.40406071429	5.69921785714
C15556	L-3,4-Dihydroxybutan-2-one_4-phosphate	2.585	n.s.	1.63862847728	2.69081793626
C00109	2-Oxobutanoate	0.0	<0.01	3.58431875	4.71222625
C04702	UDPMurAc(oyl-L-Ala-D-gamma-Glu-L-Lys-D-Ala-D-Ala)	2.322	n.s.	2.16432241044	3.234561385
C00363	dTDP	-1.585	<0.01	-6.78034783496	-4.67655725376
C15980	(S)-2-Methylbutanoyl-CoA	0.0	<0.01	0.0	0.0
C05764	Hexadecanoyl-[acp]	4.459	<0.01	2.46557375379	3.54643845403
C06899	Chloral_hydrate	2.807	<0.01	4.67655725376	6.78034783496
C05761	Tetradecanoyl-[acp]	4.459	<0.01	2.46557375379	3.54643845403
C05760	trans-Tetradec-2-enoyl-[acp]	4.524	<0.01	-1.53595116259	-0.464975153694
C05763	trans-Hexadec-2-enoyl-[acp]	4.524	<0.01	-1.53595116259	-0.464975153694
C05762	3-Oxohexadecanoyl-[acp]	-4.17	<0.01	-0.569747292403	0.568460987559
C00361	dGDP	5.369	<0.01	3.34843061674	4.50461466544
C00170	5'-Methylthioadenosine	1.115	<0.01	-1.27328389268	0.258055608132
C02670	D-Glucuronolactone	0.0	<0.01	4.67655725376	6.78034783496
C02992	L-Threonyl-tRNA(Thr)	-4.585	<0.05	-6.78034783496	-4.67655725376
C00179	Agmatine	0.0	n.s.	-1.03758636364	0.0358090909091
C00178	Thymine	0.0	n.s.	0.0	0.0
C02995	Maltose_6'-phosphate	1.0	<0.01	4.27161919841	5.34212754612
C00447	Sedoheptulose_1,7-bisphosphate	0.0	<0.01	0.0	0.0
C03090	5-Phosphoribosylamine	1.263	<0.01	2.11017019071	3.29741063525
C04260	O-D-Alanyl-poly(ribitol_phosphate)	-3.044	<0.01	-7.5131996674	-5.93578815626
C07086	Phenylacetic_acid	-3.17	<0.01	-6.78034783496	-4.67655725376
C01077	O-Acetyl-L-homoserine	1.585	<0.01	4.67655725376	6.78034783496
C02972	Dihydrolipoylprotein	3.585	<0.01	4.67655725376	6.78034783496
C11434	2-C-Methyl-D-erythritol_4-phosphate	0.0	<0.01	0.0	0.0
C11435	4-(Cytidine_5'-diphospho)-2-C-methyl-D-erythritol	1.0	<0.01	0.328152656947	1.67840512137
C11436	2-Phospho-4-(cytidine_5'-diphospho)-2-C-methyl-D-erythritol	-0.737	<0.01	1.13329247873	2.46576188387
C00857	Deamino-NAD+	2.585	<0.01	-3.62507644234	-2.5582209306
C02412	Glycyl-tRNA(Gly)	-4.644	<0.01	-7.4779836809	-5.90403302767
C00853	Cob(I)alamin	2.0	<0.01	4.67655725376	6.78034783496
C01179	3-(4-Hydroxyphenyl)pyruvate	0.0	<0.01	-3.08781937793	-1.6693130678
C04823	1-(5'-Phosphoribosyl)-5-amino-4-(N-succinocarboxamide)-imidazole	-4.322	<0.01	-2.32625282471	-1.2619392532
C01170	UDP-N-acetyl-D-mannosamine	0.0	<0.01	0.0	0.0
C04411	(2R,3S)-3-Isopropylmalate	0.0	<0.01	4.14802137583	5.34364087624
C01172	beta-D-Glucose_6-phosphate	4.229	<0.01	4.64635921764	5.86714548559
C00473	Retinol	2.807	<0.01	4.67655725376	6.78034783496
C03892	Phosphatidylglycerophosphate	-3.17	<0.01	-6.78034783496	-4.67655725376
C00681	1-Acyl-sn-glycerol_3-phosphate	-3.301	<0.01	4.08360155322	5.20239175539
C00680	meso-2,6-Diaminoheptanedioate	0.0	<0.01	-4.25518696269	-3.06767215738
C04556	4-Amino-2-methyl-5-phosphomethylpyrimidine	0.0	<0.01	0.0	0.0
C02411	Glutaconyl-1-CoA	-4.248	<0.01	-6.78034783496	-4.67655725376
C02839	L-Tyrosyl-tRNA(Tyr)	-4.322	<0.01	-6.78034783496	-4.67655725376
C04257	N-Acetyl-D-mannosamine_6-phosphate	3.0	<0.01	4.67655725376	6.78034783496
C00689	alpha,alpha'-Trehalose_6-phosphate	6.313	<0.01	-5.29080479983	-4.21601782338
C05271	trans-Hex-2-enoyl-CoA	0.0	<0.01	0.0	0.0
C05270	Hexanoyl-CoA	0.0	<0.01	0.0	0.0
C02554	L-Valyl-tRNA(Val)	-4.858	n.s.	-6.78034783496	-4.67655725376
C00512	S-Benzoate_coenzyme_A	-1.0	<0.01	-6.78034783496	-4.67655725376
C16220	3-Hydroxyoctadecanoyl-[acp]	-4.392	<0.01	1.26005960939	2.32737534201
C00921	Dihydropteroate	-2.322	n.s.	-2.32980928751	-1.25596432451
C04294	5-(2-Hydroxyethyl)-4-methylthiazole	0.0	<0.01	4.67655725376	6.78034783496
C00458	dCTP	-4.778	<0.01	-6.81170394176	-5.75907876959
C04895	7,8-Dihydroneopterin_3'-triphosphate	-3.807	<0.01	-6.78034783496	-4.67655725376
C04896	5-(5-Phospho-D-ribosylaminoformimino)-1-(5-phosphoribosyl)-imidazole-4-carboxamide	-1.0	<0.01	1.63570915478	2.69145603929
C00376	Retinal	-2.807	<0.01	-6.78034783496	-4.67655725376
C04488	5-Methyl-5,6,7,8-tetrahydromethanopterin	-4.044	<0.01	-7.55885294881	-6.01803659686
C00455	Nicotinamide_D-ribonucleotide	2.0	<0.01	4.67655725376	6.78034783496
C01697	Galactitol	3.115	<0.01	5.67042784461	7.30477188734
C15972	Enzyme_N6-(lipoyl)lysine	-3.459	<0.01	-5.63669400103	-4.5612046321
C16618	6-Thioxanthine_5'-monophosphate	-3.7	<0.01	1.05802901645	2.11703946703
C00330	Deoxyguanosine	4.087	<0.01	4.67655725376	6.78034783496
C00332	Acetoacetyl-CoA	-4.85	<0.01	-1.2705863018	0.26333126009
C00334	4-Aminobutanoate	0.585	<0.01	-3.15869184956	-2.02366814332
C00337	(S)-Dihydroorotate	2.737	n.s.	2.01254291978	3.17134477717
C05699	L-Selenocystathionine	1.585	<0.01	4.67655725376	6.78034783496
C04688	(3R)-3-Hydroxytetradecanoyl-[acyl-carrier_protein]	-4.392	<0.01	1.26005960939	2.32737534201
C04122	D-1-Aminopropan-2-ol_O-phosphate	-1.585	<0.01	1.92378542226	2.99222078715
C00636	D-Mannose_1-phosphate	0.0	<0.01	0.0	0.0
C00637	Indole-3-acetaldehyde	0.0	<0.01	4.67655725376	6.78034783496
C00630	2-Methylpropanoyl-CoA	8.055	<0.01	4.67655725376	6.78034783496
C00631	2-Phospho-D-glycerate	-2.0	n.s.	-2.34778111018	-0.463424372778
C02527	Butanoylphosphate	0.0	n.s.	0.0	0.0
C16221	(2E)-Octadecenoyl-[acp]	4.524	<0.01	-1.53595116259	-0.464975153694
C00208	Maltose	1.0	<0.01	5.96215552415	7.51914220283
C01001	Formylmethanofuran	0.0	<0.01	0.0	0.0
C05985	2-Propynal	0.0	<0.01	4.67655725376	6.78034783496
C00204	2-Dehydro-3-deoxy-D-gluconate	-2.708	<0.01	3.21577088449	4.64500346776
C01212	UDP-N-acetylmuramoyl-L-alanine	-3.285	<0.01	-3.02814591349	-1.89318996799
C07490	Trichloroethanol	-2.807	<0.01	-6.78034783496	-4.67655725376
C01217	5,6,7,8-Tetrahydromethanopterin	4.044	<0.01	6.01803659686	7.55885294881
C00025	L-Glutamate	-2.041	n.s.	-3.04385346795	-1.63413891559
C00024	Acetyl-CoA	-5.522	<0.01	-3.9249851096	-2.49294013921
C00148	L-Proline	6.796	<0.01	-3.56243680529	-2.27754963324
C00026	2-Oxoglutarate	-2.358	<0.01	0.307822770729	1.69996862147
C00021	S-Adenosyl-L-homocysteine	2.755	<0.01	-3.0304753003	-1.88617602574
C00020	AMP	4.35	n.s.	3.00622795896	4.5676051889
C00022	Pyruvate	-4.627	<0.01	2.72471292194	4.14764353958
C00143	5,10-Methylenetetrahydrofolate	-2.322	<0.01	-4.53323715778	-3.1752327164
C00140	N-Acetyl-D-glucosamine	7.285	<0.01	4.67655725376	6.78034783496
C00141	3-Methyl-2-oxobutanoic_acid	0.585	<0.01	-4.99138599507	-3.84723462555
C00029	UDP-glucose	-1.283	<0.01	-5.82592751722	-4.69364276203
C00147	Adenine	-3.573	<0.01	-3.15797053879	-1.78469248111
C00144	GMP	-3.07	<0.01	5.0168024191	6.10256132128
C03740	(5-L-Glutamyl)-L-amino_acid	-1.0	<0.01	-6.78034783496	-4.67655725376
C01079	Protoporphyrinogen_IX	-3.7	<0.01	-6.78034783496	-4.67655725376
C05748	trans-Hex-2-enoyl-[acp]	4.524	<0.01	-1.53595116259	-0.464975153694
C05984	2-Hydroxybutanoic_acid	2.0	<0.01	4.67655725376	6.78034783496
C05807	2-Polyprenylphenol	1.585	<0.01	4.67655725376	6.78034783496
C05729	R-S-Cysteinylglycine	5.109	<0.01	-5.2636746278	-4.18567646549
C04631	UDP-N-acetyl-3-(1-carboxyvinyl)-D-glucosamine	-0.778	n.s.	-1.04944027545	0.0494402754487
C11437	1-Deoxy-D-xylulose_5-phosphate	0.0	<0.01	-1.84225555556	-0.183622222222
C00644	D-Mannitol_1-phosphate	5.539	<0.01	4.00810385036	5.08366915627
C06319	Precorrin_6Y	0.0	<0.01	0.0	0.0
C02739	1-(5-Phospho-D-ribosyl)-ATP	0.0	<0.01	3.70182914286	4.95114473879
C00647	Pyridoxamine_phosphate	0.0	<0.01	0.0	0.0
C05726	S-Substituted_L-cysteine	-5.19	<0.01	-7.56524895788	-6.01803659686
C00705	dCDP	0.678	<0.01	3.81533347718	4.94928274145
C06250	Holo-[carboxylase]	4.595	<0.01	5.25315674982	6.36836681243
C01242	S-Aminomethyldihydrolipoylprotein	0.0	<0.01	0.0	0.0
C02631	2-Isopropylmaleate	0.0	<0.01	0.0	0.0
C02637	3-Dehydroshikimate	0.0	<0.01	0.0	0.0
C03194	(R)-1-Aminopropan-2-ol	2.0	<0.01	4.67655725376	6.78034783496
C04419	Carboxybiotin-carboxyl-carrier_protein	-2.858	<0.01	-6.11252668128	-4.97759183672
C01528	Hydrogen_selenide	-7.119	<0.01	-6.78034783496	-4.67655725376
C02938	3-Indoleacetonitrile	3.17	<0.01	4.67655725376	6.78034783496
C00750	Spermine	0.0	<0.01	0.0	0.0
C04752	2-Methyl-4-amino-5-hydroxymethylpyrimidine_diphosphate	0.0	<0.01	-1.82588022607	-0.761566865609
C04751	1-(5-Phospho-D-ribosyl)-5-amino-4-imidazolecarboxylate	4.644	<0.01	-3.92593906633	-2.87128576057
C00763	D-Proline	4.7	<0.01	-5.01703620761	-3.93915057667
C01134	Pantetheine_4'-phosphate	-3.17	<0.01	3.64791811851	4.72556875386
C01137	S-Adenosylmethioninamine	0.0	<0.01	-1.85609080796	-0.733611509699
C00092	D-Glucose_6-phosphate	-5.236	<0.01	-7.30173713878	-5.67042784461
C06035	4-Methylene-2-oxoglutarate	0.0	<0.01	0.0	0.0
C02226	2-Methylmaleate	0.0	<0.01	0.0	0.0
C03511	L-Phenylalanyl-tRNA(Phe)	-4.392	<0.01	-6.78034783496	-4.67655725376
C03512	L-Tryptophanyl-tRNA(Trp)	-4.17	<0.01	-6.78034783496	-4.67655725376
C06033	Parapyruvate	0.0	<0.01	0.0	0.0
C12147	L-Threonine_O-3-phosphate	1.585	<0.05	0.468415111071	1.53418807001
C00329	D-Glucosamine	0.0	<0.01	4.67655725376	6.78034783496
C04462	N-Succinyl-2-L-amino-6-oxoheptanedioate	-3.181	<0.01	0.893454366309	2.29274628933
C06408	Precorrin_8X	2.585	<0.01	4.67655725376	6.78034783496
C02741	Phosphoribosyl-AMP	0.0	<0.01	0.0	0.0
C06407	Precorrin_4	1.0	<0.01	-3.62253440606	-2.56116097969
C06406	Precorrin_3B	2.585	<0.01	4.67655725376	6.78034783496
C20373	3-Hydroxyglutaryl-[acp]_methyl_ester	-4.392	<0.01	1.26005960939	2.32737534201
C20372	3-Ketoglutaryl-[acp]_methyl_ester	-4.585	<0.01	-1.53268755867	-0.468191148489
C20377	3-Hydroxypimeloyl-[acp]_methyl_ester	-4.392	<0.01	1.26005960939	2.32737534201
C20376	3-Ketopimeloyl-[acp]_methyl_ester	-4.585	<0.01	-1.53268755867	-0.468191148489
C20375	Glutaryl-[acp]_methyl_ester	5.883	n.s.	4.67655725376	6.78034783496
C20374	Enoylglutaryl-[acp]_methyl_ester	-3.807	<0.01	-6.78034783496	-4.67655725376
C05897	Undecaprenyl-diphospho-N-acetylmuramoyl-L-alanyl-D-glutamyl-meso-2,6-diaminopimeloyl-D-alanyl-D-alanine	2.322	<0.01	-2.85879125108	-1.79317142045
C20378	Enoylpimeloyl-[acp]_methyl_ester	-3.807	<0.01	-6.78034783496	-4.67655725376
C00804	Propynoate	-0.0	<0.01	-6.78034783496	-4.67655725376
C00969	3-Hydroxypropanal	2.0	<0.01	4.67655725376	6.78034783496
C11545	Cobalt-precorrin_8	0.0	<0.01	-1.52994481532	-0.473370636386
C00966	2-Dehydropantoate	0.0	<0.01	2.41536103647	3.60521208775
C11540	Cobalt-precorrin_4	1.0	<0.01	-3.62253440606	-2.56116097969
C11542	Cobalt-precorrin_6	0.0	<0.01	1.47689683356	2.52890876509
C11543	Cobalt-dihydro-precorrin_6	0.0	<0.01	-2.53348053104	-1.47452243192
C02282	Glutaminyl-tRNA	0.0	<0.01	0.0	0.0
C04916	N-(5'-Phospho-D-1'-ribulosylformimino)-5-amino-1-(5''-phospho-D-ribosyl)-4-imidazolecarboxamide	0.0	<0.01	-5.39629152784	-4.3224435375
C00415	Dihydrofolate	-3.17	<0.01	-6.78034783496	-4.67655725376
C00416	Phosphatidate	2.807	n.s.	2.77098938759	3.89419362909
C00417	cis-Aconitate	0.0	n.s.	0.0	0.0
C03460	2-Methylprop-2-enoyl-CoA	-8.055	<0.01	-6.78034783496	-4.67655725376
C04851	MurAc(oyl-L-Ala-D-gamma-Glu-L-Lys-D-Ala-D-Ala)-diphospho-undecaprenol	2.322	<0.01	-2.85879125108	-1.79317142045
C03345	2-Methylbut-2-enoyl-CoA	0.0	<0.01	0.0	0.0
C00993	D-Alanyl-D-alanine	1.585	<0.01	-3.44273396116	-2.37654412927
C00620	alpha-D-Ribose_1-phosphate	4.044	<0.01	5.99356576078	7.54509928693
C11355	4-Amino-4-deoxychorismate	-0.0	<0.01	4.3742424894	5.44739306143
C05951	Leukotriene_D4	-1.0	<0.01	-6.78034783496	-4.67655725376
C05576	3,4-Dihydroxyphenylethyleneglycol	0.0	<0.01	0.0	0.0
C05577	3,4-Dihydroxymandelaldehyde	0.0	<0.01	0.0	0.0
C03263	Coproporphyrinogen_III	3.7	<0.01	4.67655725376	6.78034783496
C00378	Thiamine	0.0	<0.01	0.0	0.0
C00242	Guanine	-3.215	<0.01	-4.93659573373	-3.76549175377
C00245	Taurine	1.0	<0.01	4.67655725376	6.78034783496
C00246	Butanoic_acid	0.0	<0.01	0.0	0.0
C00624	N-Acetyl-L-glutamate	0.0	<0.01	0.763403430578	1.81977013837
C16587	3-Carbamoyl-2-phenylpropionaldehyde	-2.807	<0.01	-6.78034783496	-4.67655725376
C02170	Methylmalonate	-0.0	<0.01	-6.78034783496	-4.67655725376
C00568	4-Aminobenzoate	3.322	<0.01	-3.61830178581	-2.5634791062
C01099	L-Fuculose_1-phosphate	0.0	<0.01	4.67655725376	6.78034783496
C01097	D-Tagatose_6-phosphate	4.585	<0.01	5.94978815626	7.51914417686
C01096	Sorbitol_6-phosphate	0.0	<0.01	4.98251244128	6.07177190452
C01094	D-Fructose_1-phosphate	6.481	<0.01	3.95351040693	5.08634345264
C05682	Phosphonoacetate	2.807	<0.01	4.67655725376	6.78034783496
C00341	Geranyl_diphosphate	0.0	<0.01	0.0	0.0
C00342	Thioredoxin	-6.937	<0.01	-6.15217393932	-5.06688478324
C00343	Thioredoxin_disulfide	6.97	<0.01	4.99933349394	6.09173930519
C00344	Phosphatidylglycerol	3.459	<0.01	4.67655725376	6.78034783496
C05684	Selenite	7.119	<0.01	4.67655725376	6.78034783496
C00061	FMN	0.0	<0.01	0.0	0.0
C00060	Carboxylate	-3.17	<0.01	-6.78034783496	-4.67655725376
C00063	CTP	6.133	n.s.	5.43225475514	7.1293033842
C00062	L-Arginine	2.503	<0.01	6.02484422824	7.57496123379
C00065	L-Serine	3.06	<0.01	-5.4227176795	-4.19839175502
C00064	L-Glutamine	2.05	<0.01	-6.25796916529	-5.08535308915
C11811	1-Hydroxy-2-methyl-2-butenyl_4-diphosphate	2.807	n.s.	2.7990403181	3.86082080961
C16633	5-Fluorouridine	1.585	<0.01	4.67655725376	6.78034783496
C04675	3-Hydroxy-3-(4-methylpent-3-en-1-yl)glutaryl-CoA	0.0	<0.01	4.67655725376	6.78034783496
C16631	alpha-Fluoro-beta-ureidopropionic_acid	-0.0	<0.01	-6.78034783496	-4.67655725376
C04677	1-(5'-Phosphoribosyl)-5-amino-4-imidazolecarboxamide	3.485	<0.05	3.50783960173	4.61202199156
C16635	5'-Deoxy-5-fluorocytidine	3.322	<0.01	4.67655725376	6.78034783496
C16634	5-Fluorouridine_monophosphate	-1.585	<0.01	-6.78034783496	-4.67655725376
C19673	Malonyl-[acp]_methyl_ester	5.883	n.s.	4.67655725376	6.78034783496
C03752	2-Amino-2-deoxy-D-gluconate	0.0	<0.01	5.55074120136	7.22506605411
C05923	2,5-Diaminopyrimidine_nucleoside_triphosphate	0.0	<0.01	0.0	0.0
C05922	Formamidopyrimidine_nucleoside_triphosphate	0.0	<0.01	0.0	0.0
C05921	Biotinyl-5'-AMP	0.0	<0.01	0.0	0.0
C00748	Siroheme	0.0	<0.01	0.0	0.0
C04079	N-((R)-Pantothenoyl)-L-cysteine	4.17	<0.01	4.67655725376	6.78034783496
C00668	alpha-D-Glucose_6-phosphate	4.942	<0.05	4.96246000191	6.06666677607
C01268	5-Amino-6-(5'-phosphoribosylamino)uracil	0.0	<0.05	0.0	0.0
C00666	LL-2,6-Diaminoheptanedioate	-1.678	<0.01	-3.96331398688	-2.83845789032
C00663	beta-D-Glucose_1-phosphate	-0.0	n.s.	-1.03027637084	0.02944340664
C02163	L-Arginyl-tRNA(Arg)	-3.907	<0.01	-6.78034783496	-4.67655725376
C00988	2-Phosphoglycolate	1.585	<0.01	4.67655725376	6.78034783496
C00989	4-Hydroxybutanoic_acid	4.954	n.s.	4.67655725376	6.78034783496
C00114	Choline	0.0	<0.01	-6.78034783496	-4.67655725376
C00117	D-Ribose_5-phosphate	-4.063	<0.01	3.28920248897	4.46629560589
C00116	Glycerol	0.0	<0.01	0.0	0.0
C00111	Glycerone_phosphate	-4.674	<0.01	0.882523269506	2.30530174866
C02380	6-Mercaptopurine	3.807	<0.01	4.67655725376	6.78034783496
C00112	CDP	-3.916	<0.01	-3.75547663688	-2.60588665
C00119	5-Phospho-alpha-D-ribose_1-diphosphate	-3.797	<0.01	-5.26946490515	-3.90865717214
C00118	D-Glyceraldehyde_3-phosphate	-3.002	<0.01	-4.98988349837	-3.74065478871
C06416	Precorrin_5	-3.0	<0.01	-6.78034783496	-4.67655725376
C11929	Perillyl-CoA	4.248	<0.01	4.67655725376	6.78034783496
C01346	dUDP	0.0	<0.01	3.72657450487	4.90229275393
C11924	Perillic_acid	-0.0	<0.01	-6.78034783496	-4.67655725376
C05750	3-Oxooctanoyl-[acp]	-4.17	<0.01	-0.569747292403	0.568460987559
C05751	trans-Oct-2-enoyl-[acp]	4.524	<0.01	-1.53595116259	-0.464975153694
C14145	(3S)-3-Hydroxyadipyl-CoA	6.977	<0.01	4.67655725376	6.78034783496
C05753	3-Oxodecanoyl-[acp]	-4.17	<0.01	-0.569747292403	0.568460987559
C05754	trans-Dec-2-enoyl-[acp]	4.524	<0.01	-1.53595116259	-0.464975153694
C05755	Decanoyl-[acp]	4.459	<0.01	2.46557375379	3.54643845403
C05756	3-Oxododecanoyl-[acp]	-4.585	<0.01	-1.53268755867	-0.468191148489
C05757	(R)-3-Hydroxydodecanoyl-[acp]	-4.392	<0.01	1.26005960939	2.32737534201
C05758	trans-Dodec-2-enoyl-[acp]	4.524	<0.01	-1.53595116259	-0.464975153694
C05759	3-Oxotetradecanoyl-[acp]	-4.585	<0.01	-1.53268755867	-0.468191148489
C05811	2-Octaprenyl-6-hydroxyphenol	-1.585	<0.01	-6.78034783496	-4.67655725376
C05810	2-Octaprenylphenol	1.585	<0.01	4.67655725376	6.78034783496
C00236	3-Phospho-D-glyceroyl_phosphate	0.0	<0.01	0.0	0.0
C00188	L-Threonine	4.129	<0.01	-4.60736341858	-3.43746178928
C00189	Ethanolamine	2.874	<0.01	-5.73174323893	-4.64262974322
C00186	(S)-Lactate	0.0	<0.01	0.0	0.0
C00185	Cellobiose	-1.0	<0.01	-6.78034783496	-4.67655725376
C00183	L-Valine	4.858	n.s.	4.67655725376	6.78034783496
C00180	Benzoate	-3.17	<0.01	-6.78034783496	-4.67655725376
C00181	D-Xylose	2.807	<0.01	1.26912541695	2.31815478004
C02909	(2-Naphthyl)methanol	7.285	n.s.	5.97002081438	7.52701691354
C00159	D-Mannose	4.492	<0.01	5.49811404979	7.17881748865
C04216	all-trans-Heptaprenyl_diphosphate	-2.0	<0.01	-6.78034783496	-4.67655725376
C04051	5-Amino-4-imidazolecarboxyamide	-3.7	<0.01	-6.78034783496	-4.67655725376
C00011	CO2	5.77	<0.01	-4.81904918922	-3.47086263641
C04352	(R)-4'-Phosphopantothenoyl-L-cysteine	0.0	n.s.	-1.24590215442	0.23609422229
C02553	L-Seryl-tRNA(Ser)	-4.807	n.s.	-6.78034783496	-4.67655725376
C16348	cis-3-Chloroallyl_aldehyde	-5.539	<0.01	3.1681008762	4.55872870907
C02946	4-Acetamidobutanoate	-0.0	<0.01	-6.78034783496	-4.67655725376
C16586	2-Phenyl-1,3-propanediol_monocarbamate	2.807	<0.01	4.67655725376	6.78034783496
C05378	beta-D-Fructose_1,6-bisphosphate	6.196	<0.01	1.88689322501	3.03280552671
C00015	UDP	-3.513	n.s.	-3.97746121485	-2.70820881903
C05100	3-Ureidoisobutyrate	-0.0	<0.01	-6.78034783496	-4.67655725376
C06148	2,5-Diamino-6-(5'-triphosphoryl-3',4'-trihydroxy-2'-oxopentyl)-amino-4-oxopyrimidine	0.0	<0.01	0.0	0.0
C00151	L-Amino_acid	1.0	<0.01	4.67655725376	6.78034783496
C05823	3-Mercaptolactate	-2.0	<0.01	-6.78034783496	-4.67655725376
C02988	L-Histidyl-tRNA(His)	-3.907	<0.01	-6.78034783496	-4.67655725376
C16551	Alcophosphamide	-2.807	<0.01	-6.78034783496	-4.67655725376
C06715	3-Oxopimeloyl-CoA	1.0	<0.01	4.67655725376	6.78034783496
C06714	3-Hydroxypimeloyl-CoA	-4.248	<0.01	-6.78034783496	-4.67655725376
C16466	7-Methyl-3-oxo-6-octenoyl-CoA	0.0	<0.01	-6.78034783496	-4.67655725376
C16219	3-Oxostearoyl-[acp]	-4.585	<0.01	-1.53268755867	-0.468191148489
C09306	Sulfur_dioxide	-3.17	<0.01	-6.78034783496	-4.67655725376
C00254	Prephenate	0.0	<0.01	-0.709553846154	0.709553846154
C16237	Protein_N6-(lipoyl)lysine	-2.585	<0.01	-6.78034783496	-4.67655725376
C00931	Porphobilinogen	3.0	<0.01	4.67655725376	6.78034783496
C04327	4-Methyl-5-(2-phosphoethyl)-thiazole	0.0	<0.01	3.38162818018	4.45920048365
C16238	Lipoyl-AMP	0.0	<0.01	0.0	0.0
C18239	Precursor_Z	-2.322	<0.01	-7.5338135443	-5.97787754336
C00446	alpha-D-Galactose_1-phosphate	2.0	<0.01	4.67655725376	6.78034783496
C00445	5,10-Methenyltetrahydrofolate	2.415	<0.01	0.418238866658	1.58463225553
C01762	Xanthosine	4.714	<0.01	5.97002081438	7.53089362647
C00441	L-Aspartate_4-semialdehyde	5.12	<0.01	2.80436651122	4.01069841583
C00440	5-Methyltetrahydrofolate	-0.155	<0.01	2.70808889764	4.26997918588
C04281	L-1-Pyrroline-3-hydroxy-5-carboxylate	0.0	<0.01	0.0	0.0
C00526	Deoxyuridine	0.0	<0.01	-4.98704154071	-3.90448131718
C00527	Glutaryl-CoA	-1.0	<0.01	-6.78034783496	-4.67655725376
C11453	2-C-Methyl-D-erythritol_2,4-cyclodiphosphate	0.0	<0.01	0.726162383281	1.86150178863
C00522	(R)-Pantoate	0.585	<0.01	1.7348849288	2.92170933771
C00448	trans,trans-Farnesyl_diphosphate	2.392	<0.01	-4.82523744743	-3.58711758224
C04882	UDP-N-acetylmuramoyl-L-alanyl-D-glutamyl-6-carboxy-L-lysyl-D-alanyl-D-alanine	2.322	n.s.	2.16432241044	3.234561385
C01024	Hydroxymethylbilane	-3.0	<0.01	-6.78034783496	-4.67655725376
C12739	5'-Deoxy-5-fluorouridine	-3.322	<0.01	-6.78034783496	-4.67655725376
C00009	Orthophosphate	-3.907	<0.01	-6.78034783496	-4.67655725376
C01909	Dethiobiotin	0.0	<0.01	0.0	0.0
C00068	Thiamin_diphosphate	0.0	<0.01	1.58713636364	3.11466363636
C04133	N-Acetyl-L-glutamate_5-phosphate	0.0	<0.01	-0.553240717001	0.552181103105
C03838	5'-Phosphoribosylglycinamide	-2.0	<0.01	-1.82330564722	-0.763188301975
C00288	HCO3-	5.693	n.s.	5.57188727824	7.23224609704
C03722	Quinolinate	0.0	<0.01	-2.53097482282	-1.47571829512
C05402	Melibiose	0.0	<0.01	-6.78034783496	-4.67655725376
C04619	(3R)-3-Hydroxydecanoyl-[acyl-carrier_protein]	-3.977	<0.01	-0.06867125	1.06743875
C05404	D-Gal_alpha_1->6D-Gal_alpha_1->6D-Glucose	0.0	<0.01	-6.78034783496	-4.67655725376
C03939	Acetyl-[acyl-carrier_protein]	3.585	<0.01	-1.9374845773	-0.653770765729
C00054	Adenosine_3',5'-bisphosphate	-2.585	<0.01	-6.78034783496	-4.67655725376
C04039	2,3-Dihydroxy-3-methylbutanoate	0.0	<0.01	2.2812188675	3.34414319033
C00627	Pyridoxine_phosphate	-2.322	<0.01	-6.78034783496	-4.67655725376
C00459	dTTP	2.478	<0.01	5.15202182055	6.92710162451
C01228	Guanosine_3',5'-bis(diphosphate)	-1.0	<0.01	-6.78034783496	-4.67655725376
C00239	dCMP	0.0	<0.01	0.0	0.0
C00725	Lipoate	2.585	<0.01	4.67655725376	6.78034783496
C00231	D-Xylulose_5-phosphate	-3.579	<0.01	3.90852351026	5.20433379097
C00232	Succinate_semialdehyde	-3.222	<0.01	0.621011270586	1.9728492434
C00233	4-Methyl-2-oxopentanoate	0.0	<0.01	-6.78034783496	-4.67655725376
C00234	10-Formyltetrahydrofolate	-2.456	<0.01	-4.08617268156	-2.86852514569
C00235	Dimethylallyl_diphosphate	-1.263	<0.01	-3.65622254567	-2.53119853509
C01613	Stachyose	0.0	<0.01	4.67655725376	6.78034783496
C00237	CO	-2.46	<0.01	1.55487131795	3.18363004144
C00010	CoA	-5.334	<0.01	3.69045137308	4.76082540631
C00158	Citrate	0.0	<0.01	0.0	0.0
C00012	Peptide	3.807	<0.01	4.67655725376	6.78034783496
C00014	Ammonia	-4.7	<0.01	5.01787023561	6.18440562707
C05980	Cardiolipin	-3.459	<0.01	-6.78034783496	-4.67655725376
C00016	FAD	0.0	<0.01	0.0	0.0
C00018	Pyridoxal_phosphate	-2.322	<0.01	-6.78034783496	-4.67655725376
C00019	S-Adenosyl-L-methionine	-3.561	<0.01	3.07162783254	4.25229560589
C00153	Nicotinamide	-5.15	<0.01	-7.51366037029	-5.94539880478
C00152	L-Asparagine	3.865	<0.01	-4.18099080993	-3.02010475071
C00155	L-Homocysteine	0.585	<0.01	3.89962206619	4.99440818678
C02835	Imidazole-4-acetate	-0.0	<0.01	-6.78034783496	-4.67655725376
C05714	alpha-Aminopropiononitrile	3.17	<0.01	4.67655725376	6.78034783496
C05715	gamma-Amino-gamma-cyanobutanoate	3.17	<0.01	4.67655725376	6.78034783496
C05711	gamma-Glutamyl-beta-cyanoalanine	-1.0	<0.01	-6.78034783496	-4.67655725376
C02713	N-Acetylmuramate	0.0	<0.01	4.67655725376	6.78034783496
C02336	beta-D-Fructose	0.0	n.s.	-1.03279912846	0.0319403906121
C14108	4-Hydroxymethylsalicylaldehyde	-4.248	<0.01	-6.78034783496	-4.67655725376
C02331	Vinylacetyl-CoA	0.0	<0.01	0.0	0.0
C00058	Formate	5.34	<0.01	-5.02228868464	-3.8819648201
C06320	Precorrin_6X	0.0	<0.01	0.0	0.0
C04620	(3R)-3-Hydroxyoctanoyl-[acyl-carrier_protein]	-3.977	<0.01	-0.06867125	1.06743875
C00655	Xanthosine_5'-phosphate	-1.562	<0.01	4.0656339547	5.23582981786
C00301	ADP-ribose	4.087	<0.01	4.67655725376	6.78034783496
C00302	DL-Glutamate	-3.17	<0.01	-6.78034783496	-4.67655725376
C00718	Amylose	-1.585	<0.01	2.65197097259	3.87130269348
C02232	3-Oxoadipyl-CoA	-6.977	<0.01	-6.78034783496	-4.67655725376
C14089	1-Hydroxymethylnaphthalene	7.285	n.s.	5.97002081438	7.52701691354
C14107	2-Hydroxy-4-hydroxymethylbenzalpyruvate	4.248	<0.01	4.67655725376	6.78034783496
C14086	2-Hydroxy-3-methylbenzalpyruvate	4.248	<0.01	4.67655725376	6.78034783496
C14087	3-Methylsalicylaldehyde	-4.248	<0.01	-6.78034783496	-4.67655725376
C17551	2-Polyprenyl-6-hydroxyphenol	-1.585	<0.01	-6.78034783496	-4.67655725376
C17556	di-trans,poly-cis-Undecaprenyl_phosphate	-2.0	<0.01	-0.532034077081	0.531195267442
C04442	2-Dehydro-3-deoxy-6-phospho-D-gluconate	0.0	n.s.	-0.120894494026	1.12490433255
C01127	4-Hydroxy-2-oxoglutarate	1.0	<0.01	4.67655725376	6.78034783496
C06188	Salicin_6-phosphate	4.087	<0.01	-2.12246144166	-1.05102931498
C05665	3-Aminopropanal	0.0	<0.01	4.67655725376	6.78034783496
C03058	2-Hydroxyglutaryl-CoA	4.248	<0.01	4.67655725376	6.78034783496
C06186	Arbutin	0.0	<0.01	5.96215552415	7.52474590876
C06187	Arbutin_6-phosphate	2.7	<0.01	4.03793027641	5.11604060685
C18902	Methylselenic_acid	7.119	<0.01	4.67655725376	6.78034783496
C03294	N-Formylmethionyl-tRNA	-3.17	<0.01	-6.78034783496	-4.67655725376
C02051	Lipoylprotein	-3.087	<0.01	-4.98388326729	-3.9076572005
C03114	Dimethylbenzimidazole	4.087	<0.01	4.67655725376	6.78034783496
C06611	trans-3-Chloro-2-propene-1-ol	0.0	<0.01	0.0	0.0
C06612	cis-3-Chloro-2-propene-1-ol	0.0	<0.01	0.0	0.0
C04088	Octadecanoyl-[acyl-carrier_protein]	-5.209	n.s.	-6.78034783496	-4.67655725376
C06614	trans-3-Chloroacrylic_acid	0.0	n.s.	0.0	0.0
C06615	cis-3-Chloroacrylic_acid	0.0	n.s.	0.0	0.0
C06755	Chloroacetic_acid	0.0	n.s.	0.0	0.0
C06754	Chloroacetaldehyde	0.0	n.s.	0.0	0.0
C00979	O-Acetyl-L-serine	0.322	<0.01	5.95689987512	7.5453676794
C00877	Crotonoyl-CoA	2.885	n.s.	1.41276263101	2.96594148906
C16273	3-Hydroxy-5-oxohexanoyl-CoA	1.0	<0.01	4.0358738247	5.11685222508
C16272	3-Hydroxy-5-oxohexanoate	0.0	<0.01	5.88827159211	7.47393777722
C04246	But-2-enoyl-[acyl-carrier_protein]	4.524	<0.01	-1.53595116259	-0.464975153694
C00409	Methanethiol	0.0	<0.01	-6.78034783496	-4.67655725376
C03373	Aminoimidazole_ribotide	-3.459	<0.01	0.759416418984	1.82374895917
C16074	Phenylacetonitrile	3.17	<0.01	4.67655725376	6.78034783496
C04778	N1-(5-Phospho-alpha-D-ribosyl)-5,6-dimethylbenzimidazole	-1.415	<0.01	2.11931610337	3.28964518771
C00407	L-Isoleucine	5.129	n.s.	4.67655725376	6.78034783496
C01401	Alanine	-3.17	<0.01	-6.78034783496	-4.67655725376
C01151	D-Ribose_1,5-bisphosphate	-2.0	<0.01	-6.78034783496	-4.67655725376
C06056	4-Hydroxy-L-threonine	-1.0	<0.01	-6.78034783496	-4.67655725376
C06506	Adenosyl_cobyrinate_a,c_diamide	0.0	<0.01	0.0	0.0
C06055	O-Phospho-4-hydroxy-L-threonine	1.0	<0.01	4.67655725376	6.78034783496
C03479	Folinic_acid	0.0	<0.01	4.67655725376	6.78034783496
C01412	Butanal	8.253	<0.01	4.67655725376	6.78034783496
C06114	gamma-Glutamyl-beta-aminopropiononitrile	-1.0	<0.01	-6.78034783496	-4.67655725376
C06508	Adenosyl_cobinamide	3.322	<0.01	-1.83049431818	-0.756190909091
C06509	Adenosyl_cobinamide_phosphate	1.737	<0.01	-3.38724138296	-2.04032703368
C09332	Tetrahydrofolyl-[Glu](2)	-3.17	<0.01	-6.78034783496	-4.67655725376
C06032	D-erythro-3-Methylmalate	0.0	<0.01	4.05181040562	5.27244130781
C01157	Hydroxyproline	0.0	<0.01	0.0	0.0
C02576	Perillyl_aldehyde	0.0	<0.01	4.67655725376	6.78034783496
C03972	2,3,4,5-Tetrahydrodipicolinate	2.29	<0.01	-3.71492419613	-2.4841255858
C03974	2-Acyl-sn-glycerol_3-phosphate	-1.0	<0.01	-6.78034783496	-4.67655725376
C00577	D-Glyceraldehyde	-7.119	<0.01	0.764298245786	1.82310933505
C01300	2-Amino-4-hydroxy-6-hydroxymethyl-7,8-dihydropteridine	1.0	<0.01	-5.72000136609	-4.64850084102
C00279	D-Erythrose_4-phosphate	-3.577	<0.01	0.729766673637	1.85784904275
C13632	4,4'-Dihydroxy-alpha-methylstilbene	0.0	<0.01	0.0	0.0
C01304	2,5-Diamino-6-(5-phospho-D-ribosylamino)pyrimidin-4(3H)-one	-4.087	<0.01	2.17243714698	3.22707586257
C01801	Deoxyribose	0.0	<0.01	4.67655725376	6.78034783496
C00275	D-Mannose_6-phosphate	-4.129	<0.01	5.19060974083	6.29423030992
C00270	N-Acetylneuraminate	4.644	<0.05	4.67655725376	6.78034783496
C00900	2-Acetolactate	0.0	<0.01	-2.69590211927	-1.63119164358
C00479	Propanal	2.0	<0.01	4.67655725376	6.78034783496
C00475	Cytidine	0.222	<0.01	-2.57806631058	-1.04403235765
C12215	Iminoerythrose_4-phosphate	-6.57	n.s.	-6.78034783496	-4.67655725376
C12214	Aminofructose_6-phosphate	6.57	n.s.	4.67655725376	6.78034783496
C00294	Inosine	4.773	<0.01	-5.20683572497	-4.12944097947
C00295	Orotate	0.0	<0.01	0.0	0.0
C00357	N-Acetyl-D-glucosamine_6-phosphate	-5.741	<0.01	2.93730306877	4.14475865492
C05698	Selenohomocysteine	1.585	<0.01	-3.70695665249	-2.64749230787
C01267	3-(Imidazol-4-yl)-2-oxopropyl_phosphate	0.0	n.s.	-1.19523564143	0.191464977482
C00353	Geranylgeranyl_diphosphate	-2.585	<0.01	-6.78034783496	-4.67655725376
C00352	D-Glucosamine_6-phosphate	-3.459	n.s.	-3.59186842105	-2.42808421053
C00299	Uridine	-0.348	<0.05	-0.243081932099	1.24916798814
C02166	Leukotriene_C4	1.0	<0.01	4.67655725376	6.78034783496
C04666	D-erythro-1-(Imidazol-4-yl)glycerol_3-phosphate	0.0	<0.01	4.15385094569	5.24064459872
C01269	5-O-(1-Carboxyvinyl)-3-phosphoshikimate	0.0	<0.01	-2.21345800209	-0.962504214044
C05979	Propane-1-ol	-2.0	<0.01	-6.78034783496	-4.67655725376
C05898	Undecaprenyl-diphospho-N-acetylmuramoyl-(N-acetylglucosamine)-L-alanyl-D-glutamyl-meso-2,6-diaminopimeloyl-D-alanyl-D-alanine	-4.0	<0.01	-6.78034783496	-4.67655725376
C05893	Undecaprenyl-diphospho-N-acetylmuramoyl-(N-acetylglucosamine)-L-alanyl-gamma-D-glutamyl-L-lysyl-D-alanyl-D-alanine	-4.0	<0.01	-6.78034783496	-4.67655725376
C05892	UDP-N-acetylmuramoyl-L-alanyl-gamma-D-glutamyl-L-lysine	2.585	<0.01	4.67655725376	6.78034783496
C05596	p-Hydroxyphenylacetylglycine	-1.0	<0.01	-6.78034783496	-4.67655725376
C01279	4-Amino-5-hydroxymethyl-2-methylpyrimidine	0.0	<0.01	0.471506895067	1.52849310493
C04046	3-D-Glucosyl-1,2-diacylglycerol	0.0	<0.01	0.0	0.0
C05382	Sedoheptulose_7-phosphate	-4.972	<0.01	0.672045881817	1.91812936332
C00120	Biotin	0.0	<0.01	-3.7576064513	-2.60513054293
C00121	D-Ribose	0.0	<0.01	4.67655725376	6.78034783496
C00122	Fumarate	0.0	<0.01	-3.7689888773	-2.08082315742
C00123	L-Leucine	4.17	<0.01	4.67655725376	6.78034783496
C00129	Isopentenyl_diphosphate	-1.17	<0.01	-3.48310277612	-2.34219861158
C15532	N-Acetyl-L-citrulline	0.0	<0.01	4.67655725376	6.78034783496
C00356	(S)-3-Hydroxy-3-methylglutaryl-CoA	0.0	<0.01	0.0	0.0
C11934	2-Hydroxy-4-isopropenylcyclohexane-1-carboxyl-CoA	-4.248	<0.01	-6.78034783496	-4.67655725376
C15973	Enzyme_N6-(dihydrolipoyl)lysine	2.865	<0.01	6.04824991071	7.5894250793
C03028	Thiamin_triphosphate	-3.459	<0.01	-6.78034783496	-4.67655725376
C05749	Hexanoyl-[acp]	4.459	<0.01	2.46557375379	3.54643845403
C20589	D-Glucosaminate-6-phosphate	0.0	<0.01	-7.22506605411	-5.55074120136
C05747	(R)-3-Hydroxyhexanoyl-[acp]	-4.392	<0.01	1.26005960939	2.32737534201
C05746	3-Oxohexanoyl-[acp]	-4.585	<0.01	-1.53268755867	-0.468191148489
C05745	Butyryl-[acp]	4.459	<0.01	2.46557375379	3.54643845403
C05744	Acetoacetyl-[acp]	-2.907	<0.01	4.07438618949	5.21770116965
C03150	Nicotinamide-beta-riboside	5.15	<0.01	5.94539880478	7.51366037029
C04618	(3R)-3-Hydroxybutanoyl-[acyl-carrier_protein]	-3.655	<0.01	1.19781238048	2.39244320519
C02091	(S)-Ureidoglycine	-2.0	<0.01	-6.78034783496	-4.67655725376
C00726	Nitrile	3.17	<0.01	4.67655725376	6.78034783496
C00055	CMP	0.0	<0.01	0.0	0.0
C03539	S-Ribosyl-L-homocysteine	-2.322	<0.01	3.3898626345	4.44508156041
C00199	D-Ribulose_5-phosphate	-0.322	<0.01	-4.43533240173	-3.31098114871
C00051	Glutathione	1.0	<0.01	4.67655725376	6.78034783496
C00052	UDP-alpha-D-galactose	2.515	<0.01	-3.05701877537	-1.86541934098
C00194	Cobamide_coenzyme	-3.222	<0.01	-7.57882403185	-6.0326440377
C00197	3-Phospho-D-glycerate	-2.0	<0.01	3.92478565735	5.14450470068
C03785	D-Tagatose_1,6-bisphosphate	0.0	<0.01	3.73287640318	4.79926187531
C02714	N-Acetylputrescine	-2.585	<0.01	-6.78034783496	-4.67655725376
C00192	Hydroxylamine	2.585	<0.01	4.67655725376	6.78034783496
C00354	D-Fructose_1,6-bisphosphate	-4.392	<0.01	1.05069972048	2.56718677781
C01118	O-Succinyl-L-homoserine	0.0	<0.01	0.0	0.0
C01050	UDP-N-acetylmuramate	4.026	<0.01	-2.87539180093	-1.77587744845
C04574	di-trans,poly-cis-Undecaprenyl_diphosphate	-3.807	<0.01	-2.85662676142	-1.79438873738
C05130	Imidazole-4-acetaldehyde	0.0	<0.01	4.67655725376	6.78034783496
C00206	dADP	6.74	<0.01	4.77585545911	5.89585277828
C06156	alpha-D-Glucosamine_1-phosphate	0.0	<0.01	0.0	0.0
C04807	2-Amino-7,8-dihydro-4-hydroxy-6-(diphosphooxymethyl)pteridine	0.0	<0.01	1.26005960939	2.32653568723
C20423	alpha-D-Ribose_1-methylphosphonate_5-phosphate	0.0	<0.01	-3.78435005922	-2.72400094148
C20422	alpha-D-Ribose_1-methylphosphonate_5-triphosphate	0.0	<0.01	5.36620920479	6.45113230044
C03492	D-4'-Phosphopantothenate	-1.585	<0.01	0.761939253199	1.82625282471
C02457	Propane-1,3-diol	-2.0	<0.01	-6.78034783496	-4.67655725376
C06010	(S)-2-Acetolactate	0.0	n.s.	-0.0821246343038	1.0821246343
C00831	Pantetheine	4.17	<0.01	4.67655725376	6.78034783496
