Compound_name	Metabolite_score	Significance	Lower_95_Confidence	Upper_95_Confidence
Propanoate	7.209	<0.01	3.73548558074	6.17567675035
UTP	7.063	<0.01	4.84575876561	6.73175745264
Acetate	6.998	<0.01	2.61613857378	3.94211250928
CTP	6.755	<0.05	4.69458576409	6.61542963659
dADP	6.652	<0.01	3.29040121011	4.62788997987
N-Acetylneuraminate	6.304	<0.05	3.73548558074	6.17567675035
ATP	5.991	<0.01	-5.19464072827	-3.83384965587
D-Ribose_5-phosphate	5.544	<0.01	3.07698554004	4.3867140533
Formate	4.644	<0.01	2.79639895624	4.15950991069
1-(5'-Phosphoribosyl)-5-amino-4-(N-succinocarboxamide)-imidazole	4.524	<0.01	-0.682591038403	0.687157237224
CO2	4.299	<0.01	-4.34950527851	-2.92848283973
L-Lysine	4.143	<0.01	-2.7353728915	-1.31101118489
AMP	4.096	<0.01	1.19276375499	2.95652428698
L-Aspartate_4-semialdehyde	4.087	<0.01	1.30666667085	2.72476716604
D-Glyceraldehyde_3-phosphate	4.028	<0.01	-3.17444816675	-1.77087328437
L-Proline	3.74	<0.01	-3.19491630625	-1.7595641795
L-Leucine	3.585	<0.01	3.73548558074	6.17567675035
D-Fructose_6-phosphate	3.575	<0.01	0.643139735093	1.95822575399
L-Methionine	3.511	<0.01	-2.27476683702	-0.92396863938
6-Thioxanthine_5'-monophosphate	3.459	<0.01	1.34056221994	2.67568324887
L-Threonine	3.358	<0.01	-1.9935905075	-0.611250022953
6-Methylmercaptopurine	3.322	<0.01	3.73548558074	6.17567675035
Thioguanine	3.322	<0.01	3.73548558074	6.17567675035
Glutaryl-[acp]_methyl_ester	3.322	<0.01	3.73548558074	6.17567675035
Malonyl-[acp]_methyl_ester	3.322	<0.01	3.73548558074	6.17567675035
6-Mercaptopurine	3.322	<0.01	3.73548558074	6.17567675035
L-Valine	3.322	<0.01	3.73548558074	6.17567675035
6-Carboxyhex-2-enoyl-CoA	3.17	<0.01	3.73548558074	6.17567675035
2-Hydroxy-3-carboxybenzalpyruvate	3.17	<0.01	3.73548558074	6.17567675035
N-Acetyl-D-glucosamine	3.17	<0.01	3.73548558074	6.17567675035
Perillyl-CoA	3.17	<0.01	3.73548558074	6.17567675035
2-Hydroxy-4-hydroxymethylbenzalpyruvate	3.17	<0.01	3.73548558074	6.17567675035
2-Hydroxy-3-methylbenzalpyruvate	3.17	<0.01	3.73548558074	6.17567675035
2-Hydroxyglutaryl-CoA	3.17	<0.01	3.73548558074	6.17567675035
Ethanol	3.087	<0.01	5.11768997154	6.95050645354
Primary_alcohol	3.087	<0.01	5.11768997154	6.95050645354
(2-Naphthyl)methanol	3.087	<0.01	5.11768997154	6.95050645354
1-Hydroxymethylnaphthalene	3.087	<0.01	5.11768997154	6.95050645354
Fe2+	3	<0.01	3.73548558074	6.17567675035
L-Selenomethionine	2.907	<0.01	-3.35021127219	-2.07003822499
alpha,alpha'-Trehalose_6-phosphate	2.907	<0.01	-3.12392515131	-1.82199514027
CO	2.867	<0.01	0.459843052521	2.17683702833
(R)-3-Hydroxybutanoyl-CoA	2.807	<0.01	3.73548558074	6.17567675035
Selenite	2.807	<0.01	3.73548558074	6.17567675035
Methylselenic_acid	2.807	<0.01	3.73548558074	6.17567675035
beta-D-Fructose_6-phosphate	2.744	<0.01	3.56265814719	4.89320435098
Malonyl-[acyl-carrier_protein]	2.737	<0.01	-1.14398390793	0.141812881759
L-Cysteate	2.7	<0.01	5.02278512936	6.86873271128
Mannitol	2.7	<0.01	5.20478512936	7.05748049255
L-Asparagine	2.652	<0.01	1.12114536398	2.47618192069
(R)-Lactate	2.585	<0.01	3.73548558074	6.17567675035
N-((R)-Pantothenoyl)-L-cysteine	2.585	<0.01	3.73548558074	6.17567675035
(3S)-3-Hydroxyadipyl-CoA	2.585	<0.01	3.73548558074	6.17567675035
Ethanolamine	2.585	<0.01	-3.75766875	-2.4645796875
Pantetheine	2.585	<0.01	3.73548558074	6.17567675035
D-Tagatose_6-phosphate	2.485	<0.01	5.08855764328	7.00148804115
[Enzyme]-cysteine	2.322	<0.01	3.73548558074	6.17567675035
Pantothenate	2.322	<0.01	0.636607907108	1.95859191659
Apo-[acyl-carrier-protein]	2.322	<0.01	3.73548558074	6.17567675035
5,6,7,8-Tetrahydromethanopterin	2.17	<0.01	5.00978512936	6.84653119137
Acetyl_phosphate	2.081	<0.01	-0.958958518642	0.958958518642
5-Carboxyamino-1-(5-phospho-D-ribosyl)imidazole	2	<0.01	3.73548558074	6.17567675035
dATP	2	<0.01	-2.12970698609	-0.477665767503
Cob(I)alamin	2	<0.01	3.73548558074	6.17567675035
Nicotinamide-beta-riboside	2	<0.01	5.01813117603	6.8759131089
Phosphatidate	1.874	<0.01	-3.6789778956	-2.35348812224
D-Mannose	1.807	<0.01	4.81340450955	6.69018051464
Acetyl-[acyl-carrier_protein]	1.778	<0.01	-1.78231433646	-0.263466661023
UDP-N-acetylmuramate	1.778	<0.01	-0.178371474112	1.19083574407
Succinyl-CoA	1.766	<0.01	-3.24088350058	-1.54383913454
Thioredoxin_disulfide	1.737	<0.01	3.02604504915	4.33772929767
beta-D-Fructose_1,6-bisphosphate	1.7	<0.01	-0.164867432542	1.17724482435
alpha-D-Glucose_6-phosphate	1.699	<0.01	2.26022236425	3.59999339604
Dimethylallyl_diphosphate	1.678	<0.01	-1.68793105939	-0.303223538324
N-Carbamoyl-L-aspartate	1.585	<0.01	-1.24226110035	0.247466741394
Guanosine	1.585	<0.01	5.13299769654	6.95905658718
D-Allose_6-phosphate	1.585	<0.01	3.73548558074	6.17567675035
Cys-Gly	1.585	<0.01	-2.67375944335	-1.36364788615
L-Histidine	1.585	<0.01	2.35577251637	3.69230089266
L-Tryptophan	1.585	<0.01	3.73548558074	6.17567675035
Nicotinamide_D-ribonucleotide	1.585	<0.01	3.73548558074	6.17567675035
R-S-Cysteinylglycine	1.585	<0.01	-2.67375944335	-1.36364788615
Precorrin_8X	1.585	<0.01	3.73548558074	6.17567675035
Undecaprenyl-diphospho-N-acetylmuramoyl-L-alanyl-D-glutamyl-meso-2,6-diaminopimeloyl-D-alanyl-D-alanine	1.585	<0.01	-0.676863823735	0.659610962386
Cobalt-precorrin_8	1.585	<0.01	-3.77036992412	-2.44545938487
MurAc(oyl-L-Ala-D-gamma-Glu-L-Lys-D-Ala-D-Ala)-diphospho-undecaprenol	1.585	<0.01	-0.676863823735	0.659610962386
Inosine	1.585	<0.01	2.53882405336	3.82832779081
Isopentenyl_diphosphate	1.585	<0.01	-1.19303727234	0.196510777601
Adenosine	1.415	<0.01	4.83010060607	6.74690546546
Xanthosine	1.322	<0.01	5.11956080169	6.96997104817
Guanine	1.28	<0.01	-3.93296243011	-2.61528924572
2,4-Diamino-6-nitrotoluene	1.222	<0.01	4.86138	6.75399
L-Cysteine	1.222	<0.01	-0.681844475849	0.681844475849
CoA	1.222	<0.01	-1.93513780842	-0.64506226361
beta-D-Glucose_6-phosphate	1.17	<0.01	2.21304218991	3.6790351449
Uracil	1	<0.01	-1.97246329708	-0.624147651013
N-Acetyl-D-mannosamine_6-phosphate	1	<0.01	3.73548558074	6.17567675035
3-Hydroxyoctadecanoyl-[acp]	1	<0.01	-1.17937293098	0.185514592854
(3R)-3-Hydroxytetradecanoyl-[acyl-carrier_protein]	1	<0.01	-1.17937293098	0.185514592854
Precorrin_4	1	<0.01	-2.25066465937	-0.921507520951
3-Hydroxyglutaryl-[acp]_methyl_ester	1	<0.01	-1.17937293098	0.185514592854
3-Hydroxypimeloyl-[acp]_methyl_ester	1	<0.01	-1.17937293098	0.185514592854
Cobalt-precorrin_4	1	<0.01	-2.25066465937	-0.921507520951
alpha-D-Ribose_1-phosphate	1	<0.01	4.87696528502	6.74445108361
Coproporphyrinogen_III	1	<0.01	3.73548558074	6.17567675035
Phosphatidylglycerol	1	<0.01	3.73548558074	6.17567675035
(R)-3-Hydroxydodecanoyl-[acp]	1	<0.01	-1.17937293098	0.185514592854
Salicin_6-phosphate	1	<0.01	-2.98357534175	-1.66256221994
(R)-3-Hydroxyhexanoyl-[acp]	1	<0.01	-1.17937293098	0.185514592854
D-Fructose	0.807	<0.01	-4.20134991247	-2.90086040242
L-Alanine	0.807	<0.01	-2.47957890693	-1.12893995374
L-Glutamine	0.692	<0.01	-4.51964347363	-3.11087882724
S-Adenosyl-L-homocysteine	0.585	<0.01	-3.61692187542	-2.22046606666
Xanthine	0.543	<0.01	-1.20285085541	0.19874154792
Acetaldehyde	0.541	<0.01	2.58959112845	3.96678820886
L-Arginine	0.415	<0.01	5.15409626364	6.99576432209
sn-Glycerol_3-phosphate	0.341	<0.01	-4.20720456524	-2.8978184581
dUMP	0.322	<0.05	-1.24262885806	0.218521483456
(3R)-3-Hydroxybutanoyl-[acyl-carrier_protein]	0.263	<0.01	-2.75094054652	-1.25964272689
Acyl-CoA	0.193	<0.01	4.89255764328	6.74632177472
dTTP	0.193	<0.01	4.58502834053	6.55066144724
UDP-alpha-D-galactose	0.193	<0.01	-2.34950527851	-0.86030785016
(S)-3-Hydroxybutanoyl-CoA	0.1	<0.01	-2.80307308863	-1.24614075345
3-Sulfinylpyruvate	0	<0.01	0	0
Hydrogen_peroxide	0	<0.01	-6.17567675035	-3.73548558074
Cobalt-precorrin_5B	0	<0.01	1.13025098883	2.47249521085
3-Dehydroquinate	0	<0.01	-6.17567675035	-3.73548558074
4-Hydroxy-5-phenyltetrahydro-1,3-oxazin-2-one	0	<0.01	3.73548558074	6.17567675035
6,7-Dimethyl-8-(D-ribityl)lumazine	0	<0.01	-0.667317658787	0.671448826155
N-Acetylornithine	0	<0.01	1.13439953702	2.45405455109
Salicin	0	<0.01	3.73548558074	6.17567675035
L-Arogenate	0	<0.01	3.73548558074	6.17567675035
Pyridoxamine	0	<0.01	0	0
4-Trimethylammoniobutanoate	0	<0.01	-6.17567675035	-3.73548558074
UDP-N-acetylmuramoyl-L-alanyl-D-gamma-glutamyl-meso-2,6-diaminopimelate	0	<0.01	-3.76057684876	-2.44430769725
2-Amino-4-hydroxy-6-(D-erythro-1,2,3-trihydroxypropyl)-7,8-dihydropteridine	0	<0.01	3.73548558074	6.17567675035
C15814	0	<0.01	0	0
C15815	0	<0.01	0.26911404979	1.74119188777
Sucrose_6-phosphate	0	<0.01	-2.24755870392	-0.926858354103
D-Sorbitol	0	<0.01	5.01277327653	6.86074586313
Iminoaspartate	0	<0.01	-3.5905625585	-2.24801905027
sn-Glycero-3-phosphoethanolamine	0	<0.01	3.73548558074	6.17567675035
3-Oxopropanoate	0	<0.01	0	0
beta-D-Glucose	0	<0.01	3.73548558074	6.17567675035
alpha-Isopropylmalate	0	<0.01	-3.27867363862	-1.93638198512
Allantoate	0	<0.01	3.73548558074	6.17567675035
Cytosine	0	<0.01	0	0
(R)-3-Hydroxy-3-methyl-2-oxopentanoate	0	<0.01	0	0
3-Hydroxyoctadecanoyl-CoA	0	<0.01	-6.17567675035	-3.73548558074
L-Cystathionine	0	<0.01	3.73548558074	6.17567675035
dGMP	0	<0.05	0	0
Cobalt-precorrin_7	0	<0.01	1.79639494342	3.13395189508
dAMP	0	<0.01	0	0
Oxygen	0	<0.01	3.73548558074	6.17567675035
NADP+	0	<0.01	-6.17567675035	-3.73548558074
NAD+	0	<0.01	-3.24399059848	-1.93324525244
Starch	0	<0.01	1.78327805055	3.16960619582
4-Hydroxybutyryl-CoA	0	<0.01	3.73548558074	6.17567675035
(R)-2-Methylmalate	0	<0.01	4.98275876561	6.89019993443
beta-Alanine	0	<0.01	-2.86455714286	-1.47140714286
D-Xylulose	0	<0.01	1.93902885856	3.25672875975
1,2-Diacyl-sn-glycerol	0	<0.01	1.3059248605	2.7137764966
Pyridoxine	0	<0.01	3.73548558074	6.17567675035
Cellulose	0	<0.01	0.581699695433	2.0348114996
Sulfite	0	<0.01	-2.81589583333	-0.9830125
GDP-mannose	0	<0.01	0	0
Galactitol_1-phosphate	0	<0.01	-6.76745634345	-4.87696528502
2,5-Dioxopentanoate	0	<0.01	3.73548558074	6.17567675035
5-Amino-6-(1-D-ribitylamino)uracil	0	<0.01	-0.671448826155	0.667317658787
1-(5'-Phosphoribosyl)-5-formamido-4-imidazolecarboxamide	0	<0.01	0	0
Selenophosphoric_acid	0	<0.01	3.73548558074	6.17567675035
2,6-Dimethyl-5-methylene-3-oxo-heptanoyl-CoA	0	<0.01	3.73548558074	6.17567675035
3-Isopropylbut-3-enoyl-CoA	0	<0.01	-6.17567675035	-3.73548558074
Benzoyl_acetyl-CoA	0	<0.01	3.73548558074	6.17567675035
3-Aminopropiononitrile	0	<0.01	3.73548558074	6.17567675035
Acetoacetate	0	<0.01	1.63735569893	3.06401744238
Phenylpyruvate	0	<0.01	-3.5860919041	-1.94943042876
UDP-glucuronate	0	<0.01	-6.17567675035	-3.73548558074
Glycolate	0	<0.01	-2.00417464306	-0.573412146885
Fatty_acid	0	<0.01	3.73548558074	6.17567675035
4-Phospho-L-aspartate	0	<0.01	-3.14602678027	-1.77004122657
5'-Phosphoribosyl-N-formylglycinamide	0	<0.01	-2.99511654994	-1.67086100707
Methylphosphonate	0	<0.01	4.76347242083	6.66132619224
5-Methylthio-D-ribose	0	<0.01	0	0
L-Histidinol	0	<0.01	-2.68784895092	-1.32783166411
Methanofuran	0	<0.01	0	0
(R)-2,3-Dihydroxy-3-methylbutanoate	0	<0.01	0.892558141594	2.31169100239
N-Acetyl-alpha-D-glucosamine_1-phosphate	0	<0.01	0	0
5,6-Dihydrothymine	0	<0.01	3.73548558074	6.17567675035
L-Ascorbate_6-phosphate	0	<0.01	-6.80924721237	-4.93296528502
4-Trimethylammoniobutanal	0	<0.01	3.73548558074	6.17567675035
2-Hydroxy-3-oxopropanoate	0	<0.01	-6.17567675035	-3.73548558074
N-Succinyl-LL-2,6-diaminoheptanedioate	0	<0.01	0	0
Adenosine-GDP-cobinamide	0	<0.01	0.336867160105	1.66522524934
N-(L-Arginino)succinate	0	<0.01	-6.17567675035	-3.73548558074
Deoxyinosine	0	<0.01	2.11637674705	3.53744074399
3-Hydroxy-3-methyl-2-oxobutanoic_acid	0	<0.01	0	0
Aldophosphamide	0	<0.01	3.73548558074	6.17567675035
L-Allothreonine	0	<0.01	0	0
L-Citrulline	0	<0.01	-2.4366853585	-1.14124302919
R-S-Glutathione	0	<0.01	3.73548558074	6.17567675035
Precorrin_2	0	<0.01	3.73548558074	6.17567675035
3-Phosphonooxypyruvate	0	<0.01	-6.17567675035	-3.73548558074
Benzonitrile	0	<0.01	3.73548558074	6.17567675035
Cobalt-precorrin_3	0	<0.01	3.73548558074	6.17567675035
Cobalt-sirohydrochlorin	0	<0.01	-6.17567675035	-3.73548558074
L-Homoserine	0	<0.01	-2.5765535604	-0.724519339898
3-Oxostearoyl-CoA	0	<0.01	3.73548558074	6.17567675035
alpha-D-Glucose	0	<0.01	2.19938779271	3.63258074029
Glycolaldehyde	0	<0.01	-6.17567675035	-3.73548558074
Guanosine_3'-diphosphate_5'-triphosphate	0	<0.01	0.913833886254	2.2691974023
D-Aspartate	0	<0.01	-6.17567675035	-3.73548558074
dUTP	0	<0.01	3.73548558074	6.17567675035
Hydrogen_sulfide	0	<0.01	1.8534826156	3.40132869671
Hydrogen	0	<0.01	-6.17567675035	-3.73548558074
Thiosulfate	0	<0.01	0	0
Thiocysteine	0	<0.01	-6.17567675035	-3.73548558074
Nitrite	0	<0.01	0	0
2-Dehydro-3-deoxy-D-arabino-heptonate_7-phosphate	0	<0.01	-2.26533993471	-0.914365964817
Dehydroalanine	0	<0.01	-6.17567675035	-3.73548558074
L-erythro-4-Hydroxyglutamate	0	<0.01	0	0
D-4-Hydroxy-2-oxoglutarate	0	<0.01	0	0
Thymidine	0	<0.01	0	0
Nicotinate_D-ribonucleoside	0	<0.01	3.73548558074	6.17567675035
5-L-Glutamyl-taurine	0	<0.01	-6.17567675035	-3.73548558074
D-Glucose	0	<0.01	1.94494748892	3.23340692467
Butanoyl-CoA	0	<0.01	3.04268185853	4.54038098394
Putrescine	0	<0.01	-0.710405299599	0.683531613117
D-Alanine	0	<0.01	-3.98886024657	-2.70721675352
5-Hydroxyindoleacetate	0	<0.01	-6.17567675035	-3.73548558074
5-Hydroxyindoleacetaldehyde	0	<0.01	3.73548558074	6.17567675035
L-Glutamyl-tRNA(Gln)	0	<0.01	0	0
UDP-N-acetyl-alpha-D-glucosamine	0	<0.01	-2.07658106617	-0.526998156812
L-Aspartate	0	<0.01	-2.52948514756	-1.07975524223
Glyoxylate	0	<0.01	-0.908514419258	0.908514419258
3-Ureidopropionate	0	<0.01	-6.17567675035	-3.73548558074
(S)-Malate	0	<0.01	0.526092791894	2.09866831424
alpha-D-Ribose_1,2-cyclic_phosphate_5-phosphate	0	<0.01	1.79639494342	3.12197846967
L-Selenocysteinyl-tRNA(Sec)	0	<0.01	-6.17567675035	-3.73548558074
(2S)-2-Isopropyl-3-oxosuccinate	0	<0.01	-6.17567675035	-3.73548558074
L-Ribulose_5-phosphate	0	<0.01	3.73548558074	6.17567675035
L-Histidinol_phosphate	0	<0.01	-0.71454606493	0.71806475818
(S)-Methylmalonate_semialdehyde	0	<0.01	3.73548558074	6.17567675035
(R)-2,3-Dihydroxy-3-methylpentanoate	0	<0.01	0.892558141594	2.31169100239
(S)-2-Aceto-2-hydroxybutanoate	0	<0.01	1.12327606878	2.473003256
Aminopropylcadaverine	0	<0.01	-6.17567675035	-3.73548558074
[Dihydrolipoyllysine-residue_acetyltransferase]_S-acetyldihydrolipoyllysine	0	<0.01	-6.77490546546	-4.85810060607
Indole-3-acetate	0	<0.01	-6.87667128105	-5.00978512936
D-Glucarate	0	<0.01	-6.17567675035	-3.73548558074
D-Glutamine	0	<0.01	0	0
(S)-Lactaldehyde	0	<0.01	-6.17567675035	-3.73548558074
5,6-Dihydrouracil	0	<0.01	3.73548558074	6.17567675035
D-Altronate	0	<0.01	0	0
(R)-S-Lactoylglutathione	0	<0.01	3.73548558074	6.17567675035
Cadaverine	0	<0.01	3.73548558074	6.17567675035
Oxaloacetate	0	<0.01	-2.14989559268	-0.484088476813
Iminoglycine	0	<0.01	3.73548558074	6.17567675035
N-Acetylmuramic_acid_6-phosphate	0	<0.01	-6.86719090544	-5.0212655838
(S)-1-Pyrroline-5-carboxylate	0	<0.01	0	0
3-Cyano-L-alanine	0	<0.01	3.73548558074	6.17567675035
Pyridoxal	0	<0.01	3.73548558074	6.17567675035
Chorismate	0	<0.01	-1.72014745941	-0.296817834113
4-Hydroxyphenylacetyl-CoA	0	<0.01	3.73548558074	6.17567675035
Riboflavin	0	<0.01	2.43670562671	3.76934970935
D-Glycerate	0	<0.01	-0.755821609188	0.743623022786
5-Phenyl-1,3-oxazinane-2,4-dione	0	<0.01	-6.17567675035	-3.73548558074
N6-Acetyl-LL-2,6-diaminoheptanedioate	0	<0.01	3.73548558074	6.17567675035
Thiamin_monophosphate	0	<0.01	-6.17567675035	-3.73548558074
alpha,alpha-Trehalose	0	<0.01	3.73548558074	6.17567675035
Deoxyadenosine	0	<0.01	-3.53744074399	-2.11637674705
L-Cystine	0	<0.01	3.73548558074	6.17567675035
Raffinose	0	<0.01	3.73548558074	6.17567675035
Shikimate	0	<0.01	0.487475804093	2.11757111958
4-Aminobutyraldehyde	0	<0.01	3.73548558074	6.17567675035
(R)-3-Hydroxybutanoate	0	<0.01	3.73548558074	6.17567675035
Dephospho-CoA	0	<0.01	-1.64701425257	-0.357043241533
Deoxycytidine	0	<0.01	3.73548558074	6.17567675035
L-Phenylalanine	0	<0.01	-0.908514419258	0.908514419258
Ascorbate	0	<0.01	4.93296528502	6.80924721237
L-Ornithine	0	<0.01	-2.2139777677	-0.962230588909
5-Amino-6-(5'-phospho-D-ribitylamino)uracil	0	<0.01	-6.17567675035	-3.73548558074
DNA	0	<0.01	0	0
1,4-beta-D-Xylan	0	<0.01	3.73548558074	6.17567675035
Malonyl-CoA	0	<0.01	3.34862562707	4.6627097378
L-Tyrosine	0	<0.01	0.9830125	2.823475
H+	0	<0.01	3.73548558074	6.17567675035
5,6-Dihydro-5-fluorouracil	0	<0.01	3.73548558074	6.17567675035
Shikimate_3-phosphate	0	<0.01	-1.77964678227	-0.246091510799
Sucrose	0	<0.01	5.13299769654	6.96587319733
sn-Glycero-3-phosphocholine	0	<0.01	3.73548558074	6.17567675035
(S)-3-Methyl-2-oxopentanoic_acid	0	<0.01	-6.17567675035	-3.73548558074
2-Deoxy-D-ribose_1-phosphate	0	<0.01	-2.68211677639	-1.33814194951
2-Deoxy-D-ribose_5-phosphate	0	<0.01	-2.9711816736	-1.65993689274
(R)-2-Hydroxybutane-1,2,4-tricarboxylate	0	<0.01	-6.17567675035	-3.73548558074
N-Acetyl-L-glutamate_5-semialdehyde	0	<0.01	1.87791902127	3.34720040758
L-Histidinal	0	<0.01	0	0
N4-Acetylaminobutanal	0	<0.01	3.73548558074	6.17567675035
UMP	0	<0.01	-2.85631128919	-1.21670750291
L-3,4-Dihydroxybutan-2-one_4-phosphate	0	<0.01	2.04629498391	3.37269363835
2-Oxobutanoate	0	<0.01	1.35175876232	2.669034195
UDPMurAc(oyl-L-Ala-D-gamma-Glu-L-Lys-D-Ala-D-Ala)	0	<0.01	0.621047267123	1.97633954989
dTDP	0	<0.01	-6.17567675035	-3.73548558074
(S)-2-Methylbutanoyl-CoA	0	<0.01	0	0
Chloral_hydrate	0	<0.01	3.73548558074	6.17567675035
D-Glucuronolactone	0	<0.01	3.73548558074	6.17567675035
Maltose_6'-phosphate	0	<0.01	2.62067510278	3.92489663672
Sedoheptulose_1,7-bisphosphate	0	<0.01	0	0
5-Phosphoribosylamine	0	<0.01	-1.71806742342	-0.279852540594
Phenylacetic_acid	0	<0.01	-6.17567675035	-3.73548558074
O-Acetyl-L-homoserine	0	<0.01	3.73548558074	6.17567675035
Dihydrolipoylprotein	0	<0.01	3.73548558074	6.17567675035
2-C-Methyl-D-erythritol_4-phosphate	0	<0.01	0	0
4-(Cytidine_5'-diphospho)-2-C-methyl-D-erythritol	0	<0.01	0.819696798108	2.39166214089
2-Phospho-4-(cytidine_5'-diphospho)-2-C-methyl-D-erythritol	0	<0.01	-3.42894862409	-1.82433468814
3-(4-Hydroxyphenyl)pyruvate	0	<0.01	-2.4970017138	-0.888809598329
UDP-N-acetyl-D-mannosamine	0	<0.01	0	0
(2R,3S)-3-Isopropylmalate	0	<0.01	1.31271100916	2.7260435004
Retinol	0	<0.01	3.73548558074	6.17567675035
Phosphatidylglycerophosphate	0	<0.01	-6.17567675035	-3.73548558074
1-Acyl-sn-glycerol_3-phosphate	0	<0.01	0.630270546285	1.97733538757
meso-2,6-Diaminoheptanedioate	0	<0.01	1.09861252979	2.49264060691
4-Amino-2-methyl-5-phosphomethylpyrimidine	0	<0.01	0	0
trans-Hex-2-enoyl-CoA	0	<0.01	0	0
Hexanoyl-CoA	0	<0.01	0	0
S-Benzoate_coenzyme_A	0	<0.01	-6.17567675035	-3.73548558074
Dihydropteroate	0	<0.01	1.33842465825	2.66360602535
5-(2-Hydroxyethyl)-4-methylthiazole	0	<0.01	3.73548558074	6.17567675035
7,8-Dihydroneopterin_3'-triphosphate	0	<0.01	-6.17567675035	-3.73548558074
5-(5-Phospho-D-ribosylaminoformimino)-1-(5-phosphoribosyl)-imidazole-4-carboxamide	0	<0.01	1.77924238645	3.14420274838
Retinal	0	<0.01	-6.17567675035	-3.73548558074
Galactitol	0	<0.01	4.87696528502	6.76745634345
Enzyme_N6-(lipoyl)lysine	0	<0.01	1.35159307533	2.64433414805
Deoxyguanosine	0	<0.01	3.73548558074	6.17567675035
4-Aminobutanoate	0	<0.01	1.46021990537	2.87392187542
L-Selenocystathionine	0	<0.01	3.73548558074	6.17567675035
D-1-Aminopropan-2-ol_O-phosphate	0	<0.01	1.79302262763	3.13275301113
D-Mannose_1-phosphate	0	<0.01	0	0
Indole-3-acetaldehyde	0	<0.01	3.73548558074	6.17567675035
Butanoylphosphate	0	<0.01	0	0
Maltose	0	<0.01	5.27563707027	7.11562512652
Formylmethanofuran	0	<0.01	0	0
2-Propynal	0	<0.01	3.73548558074	6.17567675035
Trichloroethanol	0	<0.01	-6.17567675035	-3.73548558074
L-Glutamate	0	<0.01	0.860901547511	2.33112211375
5,10-Methylenetetrahydrofolate	0	<0.01	0.536195360721	2.06964735844
3-Methyl-2-oxobutanoic_acid	0	<0.01	-2.28971316441	-0.914694486567
Adenine	0	<0.01	-2.79204211045	-1.26132836004
(5-L-Glutamyl)-L-amino_acid	0	<0.01	-6.17567675035	-3.73548558074
2-Hydroxybutanoic_acid	0	<0.01	3.73548558074	6.17567675035
2-Polyprenylphenol	0	<0.01	3.73548558074	6.17567675035
D-Mannitol_1-phosphate	0	<0.01	-2.43873106006	-1.14097268682
Precorrin_6Y	0	<0.01	0	0
1-(5-Phospho-D-ribosyl)-ATP	0	<0.01	1.45235802724	2.91486930498
Pyridoxamine_phosphate	0	<0.01	0	0
Holo-[carboxylase]	0	<0.01	2.35790018449	3.69367363862
S-Aminomethyldihydrolipoylprotein	0	<0.01	0	0
2-Isopropylmaleate	0	<0.01	0	0
3-Dehydroshikimate	0	<0.01	0	0
(R)-1-Aminopropan-2-ol	0	<0.01	3.73548558074	6.17567675035
Carboxybiotin-carboxyl-carrier_protein	0	<0.01	-3.30614958527	-1.92040648743
3-Indoleacetonitrile	0	<0.01	3.73548558074	6.17567675035
Spermine	0	<0.01	0	0
2-Methyl-4-amino-5-hydroxymethylpyrimidine_diphosphate	0	<0.01	-3.37649521085	-2.03762476062
S-Adenosylmethioninamine	0	<0.01	-2.01278820886	-0.571211791138
4-Methylene-2-oxoglutarate	0	<0.01	0	0
2-Methylmaleate	0	<0.01	0	0
Parapyruvate	0	<0.01	0	0
L-Threonine_O-3-phosphate	0	<0.01	1.66014194951	3.00192664386
D-Glucosamine	0	<0.01	3.73548558074	6.17567675035
Phosphoribosyl-AMP	0	<0.01	0	0
Precorrin_3B	0	<0.01	3.73548558074	6.17567675035
Propynoate	0	<0.01	-6.17567675035	-3.73548558074
3-Hydroxypropanal	0	<0.01	3.73548558074	6.17567675035
Cobalt-dihydro-precorrin_6	0	<0.01	0.336867160105	1.65878706643
Glutaminyl-tRNA	0	<0.01	0	0
N-(5'-Phospho-D-1'-ribulosylformimino)-5-amino-1-(5''-phospho-D-ribosyl)-4-imidazolecarboxamide	0	<0.01	1.11953349526	2.44888572382
Dihydrofolate	0	<0.01	-6.17567675035	-3.73548558074
cis-Aconitate	0	<0.01	0	0
2-Methylbut-2-enoyl-CoA	0	<0.01	0	0
D-Alanyl-D-alanine	0	<0.01	-3.92157684876	-2.60530769725
4-Amino-4-deoxychorismate	0	<0.01	1.36737256554	2.66307445949
Leukotriene_D4	0	<0.01	-6.17567675035	-3.73548558074
3,4-Dihydroxyphenylethyleneglycol	0	<0.01	0	0
3,4-Dihydroxymandelaldehyde	0	<0.01	0	0
Thiamine	0	<0.01	0	0
Taurine	0	<0.01	3.73548558074	6.17567675035
Butanoic_acid	0	<0.01	0	0
N-Acetyl-L-glutamate	0	<0.01	0.633407164532	1.96021227413
3-Carbamoyl-2-phenylpropionaldehyde	0	<0.01	-6.17567675035	-3.73548558074
Methylmalonate	0	<0.01	-6.17567675035	-3.73548558074
4-Aminobenzoate	0	<0.01	0.911141474193	2.26122274877
L-Fuculose_1-phosphate	0	<0.01	3.73548558074	6.17567675035
Sorbitol_6-phosphate	0	<0.01	2.85084405637	4.12926681496
FMN	0	<0.01	0	0
Carboxylate	0	<0.01	-6.17567675035	-3.73548558074
1-Hydroxy-2-methyl-2-butenyl_4-diphosphate	0	<0.01	-2.67435338065	-1.33205455129
5-Fluorouridine	0	<0.01	3.73548558074	6.17567675035
3-Hydroxy-3-(4-methylpent-3-en-1-yl)glutaryl-CoA	0	<0.01	3.73548558074	6.17567675035
alpha-Fluoro-beta-ureidopropionic_acid	0	<0.01	-6.17567675035	-3.73548558074
5'-Deoxy-5-fluorocytidine	0	<0.01	3.73548558074	6.17567675035
5-Fluorouridine_monophosphate	0	<0.01	-6.17567675035	-3.73548558074
2-Amino-2-deoxy-D-gluconate	0	<0.01	4.76347242083	6.66470151827
2,5-Diaminopyrimidine_nucleoside_triphosphate	0	<0.01	0	0
Formamidopyrimidine_nucleoside_triphosphate	0	<0.01	0	0
Biotinyl-5'-AMP	0	<0.01	0	0
Siroheme	0	<0.01	0	0
5-Amino-6-(5'-phosphoribosylamino)uracil	0	<0.01	0	0
beta-D-Glucose_1-phosphate	0	<0.01	-2.25277427063	-0.915195045764
2-Phosphoglycolate	0	<0.01	3.73548558074	6.17567675035
4-Hydroxybutanoic_acid	0	<0.01	3.73548558074	6.17567675035
Choline	0	<0.01	-6.17567675035	-3.73548558074
Glycerol	0	<0.01	0	0
Perillic_acid	0	<0.01	-6.17567675035	-3.73548558074
2-Octaprenyl-6-hydroxyphenol	0	<0.01	-6.17567675035	-3.73548558074
2-Octaprenylphenol	0	<0.01	3.73548558074	6.17567675035
3-Phospho-D-glyceroyl_phosphate	0	<0.01	0	0
(S)-Lactate	0	<0.01	0	0
Cellobiose	0	<0.01	-6.17567675035	-3.73548558074
Benzoate	0	<0.01	-6.17567675035	-3.73548558074
D-Xylose	0	<0.01	1.92901060122	3.2667209417
all-trans-Heptaprenyl_diphosphate	0	<0.01	-6.17567675035	-3.73548558074
(R)-4'-Phosphopantothenoyl-L-cysteine	0	<0.01	0.472021124402	2.16988182446
4-Acetamidobutanoate	0	<0.01	-6.17567675035	-3.73548558074
2-Phenyl-1,3-propanediol_monocarbamate	0	<0.01	3.73548558074	6.17567675035
3-Ureidoisobutyrate	0	<0.01	-6.17567675035	-3.73548558074
2,5-Diamino-6-(5'-triphosphoryl-3',4'-trihydroxy-2'-oxopentyl)-amino-4-oxopyrimidine	0	<0.01	0	0
L-Amino_acid	0	<0.01	3.73548558074	6.17567675035
3-Mercaptolactate	0	<0.01	-6.17567675035	-3.73548558074
Alcophosphamide	0	<0.01	-6.17567675035	-3.73548558074
3-Oxopimeloyl-CoA	0	<0.01	3.73548558074	6.17567675035
7-Methyl-3-oxo-6-octenoyl-CoA	0	<0.01	-6.17567675035	-3.73548558074
Sulfur_dioxide	0	<0.01	-6.17567675035	-3.73548558074
Prephenate	0	<0.01	-0.808251998458	0.818652623956
Protein_N6-(lipoyl)lysine	0	<0.01	-6.17567675035	-3.73548558074
Porphobilinogen	0	<0.01	3.73548558074	6.17567675035
4-Methyl-5-(2-phosphoethyl)-thiazole	0	<0.01	-1.94014286168	-0.641843053796
Lipoyl-AMP	0	<0.01	0	0
Precursor_Z	0	<0.01	-6.87814352423	-5.00978512936
alpha-D-Galactose_1-phosphate	0	<0.01	3.73548558074	6.17567675035
Deoxyuridine	0	<0.01	1.79295624619	3.1275183743
Glutaryl-CoA	0	<0.01	-6.17567675035	-3.73548558074
2-C-Methyl-D-erythritol_2,4-cyclodiphosphate	0	<0.01	-3.18177600982	-1.75881419702
(R)-Pantoate	0	<0.01	-3.22278097646	-1.73591911625
UDP-N-acetylmuramoyl-L-alanyl-D-glutamyl-6-carboxy-L-lysyl-D-alanyl-D-alanine	0	<0.01	0.621047267123	1.97633954989
Hydroxymethylbilane	0	<0.01	-6.17567675035	-3.73548558074
5'-Deoxy-5-fluorouridine	0	<0.01	-6.17567675035	-3.73548558074
Orthophosphate	0	<0.01	-6.17567675035	-3.73548558074
Dethiobiotin	0	<0.01	0	0
N-Acetyl-L-glutamate_5-phosphate	0	<0.01	-3.14231423658	-1.77628755625
5'-Phosphoribosylglycinamide	0	<0.01	1.48786097074	2.84920009325
HCO3-	0	<0.01	4.96311549237	6.83415725868
Quinolinate	0	<0.01	1.13739582275	2.45224001758
Melibiose	0	<0.01	-6.17567675035	-3.73548558074
D-Gal_alpha_1->6D-Gal_alpha_1->6D-Glucose	0	<0.01	-6.17567675035	-3.73548558074
2,3-Dihydroxy-3-methylbutanoate	0	<0.01	0.339457614417	1.66849561707
Pyridoxine_phosphate	0	<0.01	-6.17567675035	-3.73548558074
Guanosine_3',5'-bis(diphosphate)	0	<0.01	-6.17567675035	-3.73548558074
dCMP	0	<0.01	0	0
Lipoate	0	<0.01	3.73548558074	6.17567675035
4-Methyl-2-oxopentanoate	0	<0.01	-6.17567675035	-3.73548558074
Stachyose	0	<0.01	3.73548558074	6.17567675035
Citrate	0	<0.01	0	0
FAD	0	<0.01	0	0
Pyridoxal_phosphate	0	<0.01	-6.17567675035	-3.73548558074
L-Homocysteine	0	<0.01	2.18653200145	3.46876963589
Imidazole-4-acetate	0	<0.01	-6.17567675035	-3.73548558074
alpha-Aminopropiononitrile	0	<0.01	3.73548558074	6.17567675035
gamma-Amino-gamma-cyanobutanoate	0	<0.01	3.73548558074	6.17567675035
gamma-Glutamyl-beta-cyanoalanine	0	<0.01	-6.17567675035	-3.73548558074
N-Acetylmuramate	0	<0.01	3.73548558074	6.17567675035
beta-D-Fructose	0	<0.01	1.3445929796	2.67541903895
Vinylacetyl-CoA	0	<0.01	0	0
Precorrin_6X	0	<0.01	0	0
ADP-ribose	0	<0.01	3.73548558074	6.17567675035
DL-Glutamate	0	<0.01	-6.17567675035	-3.73548558074
Amylose	0	<0.01	-2.91810592721	-1.45068151773
2-Polyprenyl-6-hydroxyphenol	0	<0.01	-6.17567675035	-3.73548558074
di-trans,poly-cis-Undecaprenyl_phosphate	0	<0.01	1.34689999514	2.66941006823
2-Dehydro-3-deoxy-6-phospho-D-gluconate	0	<0.01	1.85736133181	3.3701963661
4-Hydroxy-2-oxoglutarate	0	<0.01	3.73548558074	6.17567675035
3-Aminopropanal	0	<0.01	3.73548558074	6.17567675035
Arbutin	0	<0.01	5.16368374579	7.03491970788
Lipoylprotein	0	<0.01	-1.94607499037	-0.65290099849
Dimethylbenzimidazole	0	<0.01	3.73548558074	6.17567675035
trans-3-Chloro-2-propene-1-ol	0	<0.01	0	0
cis-3-Chloro-2-propene-1-ol	0	<0.01	0	0
trans-3-Chloroacrylic_acid	0	<0.01	0	0
cis-3-Chloroacrylic_acid	0	<0.01	0	0
Chloroacetic_acid	0	<0.01	0	0
Chloroacetaldehyde	0	<0.01	0	0
O-Acetyl-L-serine	0	<0.01	4.99874800154	7.01594050282
Crotonoyl-CoA	0	<0.01	1.1989471703	2.9048968574
3-Hydroxy-5-oxohexanoyl-CoA	0	<0.01	2.27130895873	3.58242741524
3-Hydroxy-5-oxohexanoate	0	<0.01	4.93296528502	6.80349589741
Methanethiol	0	<0.01	-6.17567675035	-3.73548558074
Aminoimidazole_ribotide	0	<0.01	2.04488925309	3.3825625585
Phenylacetonitrile	0	<0.01	3.73548558074	6.17567675035
N1-(5-Phospho-alpha-D-ribosyl)-5,6-dimethylbenzimidazole	0	<0.01	-2.51071134435	-1.07676644279
Alanine	0	<0.01	-6.17567675035	-3.73548558074
D-Ribose_1,5-bisphosphate	0	<0.01	-6.17567675035	-3.73548558074
4-Hydroxy-L-threonine	0	<0.01	-6.17567675035	-3.73548558074
Adenosyl_cobyrinate_a,c_diamide	0	<0.01	0	0
O-Phospho-4-hydroxy-L-threonine	0	<0.01	3.73548558074	6.17567675035
Folinic_acid	0	<0.01	3.73548558074	6.17567675035
gamma-Glutamyl-beta-aminopropiononitrile	0	<0.01	-6.17567675035	-3.73548558074
Adenosyl_cobinamide	0	<0.01	-3.36792516669	-2.0495416958
Adenosyl_cobinamide_phosphate	0	<0.01	-2.1240486286	-0.526092791894
Tetrahydrofolyl-[Glu](2)	0	<0.01	-6.17567675035	-3.73548558074
D-erythro-3-Methylmalate	0	<0.01	2.01301576002	3.43827638586
Hydroxyproline	0	<0.01	0	0
Perillyl_aldehyde	0	<0.01	3.73548558074	6.17567675035
2-Acyl-sn-glycerol_3-phosphate	0	<0.01	-6.17567675035	-3.73548558074
2-Amino-4-hydroxy-6-hydroxymethyl-7,8-dihydropteridine	0	<0.01	-1.94158797937	-0.660108960733
4,4'-Dihydroxy-alpha-methylstilbene	0	<0.01	0	0
2,5-Diamino-6-(5-phospho-D-ribosylamino)pyrimidin-4(3H)-one	0	<0.01	2.15679968926	3.48786605489
Deoxyribose	0	<0.01	3.73548558074	6.17567675035
2-Acetolactate	0	<0.01	1.12327606878	2.473003256
Propanal	0	<0.01	3.73548558074	6.17567675035
Cytidine	0	<0.01	-2.19253119343	-0.459843052521
Orotate	0	<0.01	0	0
Selenohomocysteine	0	<0.01	-3.26760766587	-1.92617770864
3-(Imidazol-4-yl)-2-oxopropyl_phosphate	0	<0.01	0.47675295035	2.12975618065
Uridine	0	<0.01	0.763905272953	2.4898968574
Leukotriene_C4	0	<0.01	3.73548558074	6.17567675035
D-erythro-1-(Imidazol-4-yl)glycerol_3-phosphate	0	<0.01	1.35327032795	2.6825910384
5-O-(1-Carboxyvinyl)-3-phosphoshikimate	0	<0.01	-1.78231433646	-0.2489032571
Propane-1-ol	0	<0.01	-6.17567675035	-3.73548558074
UDP-N-acetylmuramoyl-L-alanyl-gamma-D-glutamyl-L-lysine	0	<0.01	3.73548558074	6.17567675035
p-Hydroxyphenylacetylglycine	0	<0.01	-6.17567675035	-3.73548558074
4-Amino-5-hydroxymethyl-2-methylpyrimidine	0	<0.01	0.327710190651	1.66566465937
3-D-Glucosyl-1,2-diacylglycerol	0	<0.01	0	0
Biotin	0	<0.01	-2.30307506354	-0.887080995588
D-Ribose	0	<0.01	3.73548558074	6.17567675035
N-Acetyl-L-citrulline	0	<0.01	3.73548558074	6.17567675035
(S)-3-Hydroxy-3-methylglutaryl-CoA	0	<0.01	0	0
Enzyme_N6-(dihydrolipoyl)lysine	0	<0.01	5.22202182055	7.02499667793
D-Glucosaminate-6-phosphate	0	<0.01	-6.66470151827	-4.76347242083
(S)-Ureidoglycine	0	<0.01	-6.17567675035	-3.73548558074
Nitrile	0	<0.01	3.73548558074	6.17567675035
CMP	0	<0.01	0	0
D-Ribulose_5-phosphate	0	<0.01	1.33455134886	2.68704120761
Glutathione	0	<0.01	3.73548558074	6.17567675035
D-Tagatose_1,6-bisphosphate	0	<0.01	-3.23987091694	-1.92600940152
N-Acetylputrescine	0	<0.01	-6.17567675035	-3.73548558074
Hydroxylamine	0	<0.01	3.73548558074	6.17567675035
O-Succinyl-L-homoserine	0	<0.05	0	0
Imidazole-4-acetaldehyde	0	<0.01	3.73548558074	6.17567675035
alpha-D-Glucosamine_1-phosphate	0	<0.01	0	0
2-Amino-7,8-dihydro-4-hydroxy-6-(diphosphooxymethyl)pteridine	0	<0.01	-3.57272393122	-2.25333072433
alpha-D-Ribose_1-methylphosphonate_5-phosphate	0	<0.01	1.13226159369	2.4558984383
alpha-D-Ribose_1-methylphosphonate_5-triphosphate	0	<0.01	3.2970019899	4.61660304361
Propane-1,3-diol	0	<0.01	-6.17567675035	-3.73548558074
(S)-2-Acetolactate	0	<0.01	0.27620989215	1.73705790836
Mercaptopyruvate	-0.115	<0.01	1.83356750286	3.46040984918
Cobamide_coenzyme	-0.415	<0.01	-7.03922803723	-5.2072270117
trans,trans-Farnesyl_diphosphate	-0.585	<0.01	1.29192220551	2.7313901003
Acetoacetyl-CoA	-0.652	<0.01	-4.09002756259	-2.46959974522
dCDP	-0.678	<0.01	1.93095311703	3.29158030135
Nicotinate	-0.737	<0.01	-6.95844346709	-5.10324297754
IMP	-0.807	<0.05	-2.28097746985	-0.903598940577
3-Sulfino-L-alanine	-0.874	<0.01	1.24162906012	2.81794607602
Methylglyoxal	-1	<0.01	-6.80357584692	-4.90496528502
2-(Formamido)-N1-(5'-phosphoribosyl)acetamidine	-1	<0.01	-3.76227923673	-2.43812131956
Protoporphyrinogen_IX	-1	<0.01	-6.17567675035	-3.73548558074
1-(5-Phospho-D-ribosyl)-5-amino-4-imidazolecarboxylate	-1	<0.01	-4.2164820272	-2.87751358261
dUDP	-1	<0.01	2.81004909016	4.2009408268
Cardiolipin	-1	<0.01	-6.17567675035	-3.73548558074
Octadecanoyl-[acyl-carrier_protein]	-1	<0.01	-6.17567675035	-3.73548558074
Thiamin_triphosphate	-1	<0.01	-6.17567675035	-3.73548558074
D-Fructose_1,6-bisphosphate	-1	<0.05	-0.874993161257	0.874993161257
di-trans,poly-cis-Undecaprenyl_diphosphate	-1	<0.01	-3.86053612405	-2.51356710699
D-Xylulose_5-phosphate	-1.107	<0.01	0.557397536075	2.06082723274
Fumarate	-1.155	<0.01	-0.408933333333	1.4509375
UDP-N-acetylmuramoyl-L-alanine	-1.17	<0.01	-3.1651411459	-1.7524094925
2,4-Diamino-6-hydroxylaminotoluene	-1.222	<0.01	-6.75399	-4.86138
Glycerone_phosphate	-1.252	<0.01	-0.271458708606	1.27934007821
D-Mannose_6-phosphate	-1.322	<0.01	3.48780109443	4.78836396853
trans-3-Chloroallyl_aldehyde	-1.35	<0.05	-1.29807129648	0.298071296483
cis-3-Chloroallyl_aldehyde	-1.35	<0.05	-1.29807129648	0.298071296483
Ammonia	-1.556	<0.01	3.37690458227	4.76381620697
Cobalt-precorrin_5A	-1.585	<0.01	-2.24498717374	-0.93140031403
Acyl-carrier_protein	-1.585	<0.01	-0.152487429711	1.15873183496
Cobyrinate	-1.585	<0.01	-6.17567675035	-3.73548558074
D-Allulose_6-phosphate	-1.585	<0.01	-6.17567675035	-3.73548558074
Hydrogenobyrinate	-1.585	<0.01	-6.17567675035	-3.73548558074
L-Tyrosyl-tRNA(Tyr)	-1.585	<0.01	-6.17567675035	-3.73548558074
S-Substituted_L-cysteine	-1.585	<0.01	-7.03104235651	-5.16513117603
Pantetheine_4'-phosphate	-1.585	<0.01	1.94680990757	3.2344258335
L-Tryptophanyl-tRNA(Trp)	-1.585	<0.01	-6.17567675035	-3.73548558074
Enoylglutaryl-[acp]_methyl_ester	-1.585	<0.01	-6.17567675035	-3.73548558074
Enoylpimeloyl-[acp]_methyl_ester	-1.585	<0.01	-6.17567675035	-3.73548558074
Precorrin_5	-1.585	<0.01	-6.17567675035	-3.73548558074
L-Histidyl-tRNA(His)	-1.585	<0.01	-6.17567675035	-3.73548558074
N-Formylmethionyl-tRNA	-1.585	<0.01	-6.17567675035	-3.73548558074
Thioredoxin	-1.652	<0.01	-3.46995183074	-2.184294289
Methaneselenol	-1.807	<0.01	-7.03365383589	-5.19927233983
CDP-diacylglycerol	-1.807	<0.01	2.04108829747	3.35360505658
D-Glutamate	-1.807	<0.01	1.08531607143	2.48994107143
D-Glucose_6-phosphate	-1.848	<0.01	-6.81549424629	-4.93913117603
N-Acetyl-D-glucosamine_6-phosphate	-1.874	<0.01	0.612910714286	1.98499285714
N-Succinyl-2-L-amino-6-oxoheptanedioate	-1.9	<0.01	0.470759391615	2.14989559268
Acetoacetyl-[acp]	-1.907	<0.01	1.93366253503	3.28746122418
dCTP	-1.948	<0.01	-5.67652080747	-4.36173470644
L-Alanyl-tRNA	-2	<0.01	-6.17567675035	-3.73548558074
O-D-Alanyl-poly(ribitol_phosphate)	-2	<0.01	-6.7944268044	-4.93611549237
L-Arginyl-tRNA(Arg)	-2	<0.01	-6.17567675035	-3.73548558074
5-Amino-4-imidazolecarboxyamide	-2	<0.01	-6.17567675035	-3.73548558074
Nicotinamide	-2	<0.01	-6.8759131089	-5.01813117603
Undecaprenyl-diphospho-N-acetylmuramoyl-(N-acetylglucosamine)-L-alanyl-D-glutamyl-meso-2,6-diaminopimeloyl-D-alanyl-D-alanine	-2	<0.01	-6.17567675035	-3.73548558074
Undecaprenyl-diphospho-N-acetylmuramoyl-(N-acetylglucosamine)-L-alanyl-gamma-D-glutamyl-L-lysyl-D-alanyl-D-alanine	-2	<0.01	-6.17567675035	-3.73548558074
Aldehyde	-2.087	<0.01	-6.97721036249	-5.0972655838
5-Methyl-5,6,7,8-tetrahydromethanopterin	-2.17	<0.01	-6.84653119137	-5.00978512936
GDP	-2.248	<0.05	-3.58970676862	-2.25961156996
dTMP	-2.322	<0.01	-0.157221297734	1.15722129773
6-Thioinosine-5'-monophosphate	-2.322	<0.01	1.12548961736	2.46618299267
L-Phenylalanyl-tRNA(Phe)	-2.322	<0.01	-6.17567675035	-3.73548558074
Adenosine_3',5'-bisphosphate	-2.322	<0.01	-6.17567675035	-3.73548558074
Geranylgeranyl_diphosphate	-2.322	<0.01	-6.17567675035	-3.73548558074
UDP	-2.544	<0.01	0.563939583333	2.03677708333
L-Glutamyl-tRNA(Glu)	-2.585	<0.01	-6.17567675035	-3.73548558074
3-Oxoadipyl-CoA	-2.585	<0.01	-6.17567675035	-3.73548558074
Carbamoyl_phosphate	-2.61	<0.01	0.344725667603	1.66628357028
2-Dehydro-3-deoxy-D-gluconate	-2.678	<0.01	0.206799030252	1.80772376618
3-Sulfopyruvate	-2.7	<0.01	-6.86873271128	-5.02278512936
D-Erythrose_4-phosphate	-2.731	<0.01	2.28622220594	3.54991856191
Tetrahydrofolate	-2.732	<0.01	2.71115930545	4.19633054139
3-Oxohexadecanoyl-[acp]	-2.755	<0.01	-1.20292736807	0.196916886043
3-Oxooctanoyl-[acp]	-2.755	<0.01	-1.20292736807	0.196916886043
3-Oxodecanoyl-[acp]	-2.755	<0.01	-1.20292736807	0.196916886043
5,10-Methylenetetrahydromethanopterin	-2.807	<0.01	-6.17567675035	-3.73548558074
Hydrogen_selenide	-2.807	<0.01	-6.17567675035	-3.73548558074
GMP	-2.888	<0.01	2.45796818883	3.7852481005
Fe3+	-3	<0.01	-6.17567675035	-3.73548558074
(3S)-3,6-Diaminohexanoate	-3	<0.01	-6.17567675035	-3.73548558074
3-Oxohexanoyl-CoA	-3	<0.01	-6.17567675035	-3.73548558074
2-Naphthaldehyde	-3.087	<0.01	-6.95050645354	-5.11768997154
1-Naphthaldehyde	-3.087	<0.01	-6.95050645354	-5.11768997154
3-Formylsalicylic_acid	-3.17	<0.01	-6.17567675035	-3.73548558074
Glutaconyl-1-CoA	-3.17	<0.01	-6.17567675035	-3.73548558074
3-Ketoglutaryl-[acp]_methyl_ester	-3.17	<0.01	-0.176693638352	1.17246650474
3-Ketopimeloyl-[acp]_methyl_ester	-3.17	<0.01	-0.176693638352	1.17246650474
3-Oxododecanoyl-[acp]	-3.17	<0.01	-0.176693638352	1.17246650474
3-Oxotetradecanoyl-[acp]	-3.17	<0.01	-0.176693638352	1.17246650474
3-Hydroxypimeloyl-CoA	-3.17	<0.01	-6.17567675035	-3.73548558074
3-Oxostearoyl-[acp]	-3.17	<0.01	-0.176693638352	1.17246650474
4-Hydroxymethylsalicylaldehyde	-3.17	<0.01	-6.17567675035	-3.73548558074
3-Methylsalicylaldehyde	-3.17	<0.01	-6.17567675035	-3.73548558074
2-Hydroxy-4-isopropenylcyclohexane-1-carboxyl-CoA	-3.17	<0.01	-6.17567675035	-3.73548558074
3-Oxohexanoyl-[acp]	-3.17	<0.01	-0.176693638352	1.17246650474
Pyruvate	-3.276	<0.01	0.261160041183	1.75089494537
6-Methylthiopurine_5'-monophosphate_ribonucleotide	-3.322	<0.01	-6.17567675035	-3.73548558074
L-Valyl-tRNA(Val)	-3.322	<0.01	-6.17567675035	-3.73548558074
Acetyl-CoA	-3.497	<0.01	-0.76026311235	0.76026311235
L-Methionyl-tRNA	-3.585	<0.01	-0.668495617068	0.664572022869
L-Prolyl-tRNA(Pro)	-3.585	<0.01	-6.17567675035	-3.73548558074
L-Leucyl-tRNA	-3.585	<0.01	-6.17567675035	-3.73548558074
1-(5'-Phosphoribosyl)-5-amino-4-imidazolecarboxamide	-3.644	<0.01	1.82775179429	3.09452445894
dGTP	-3.684	<0.01	-5.26839754327	-3.97518815588
6-Thioguanosine_monophosphate	-3.7	<0.01	-6.9029342312	-5.04778512936
D-Glyceraldehyde	-3.7	<0.01	-1.16659191659	0.172933985434
2-Phospho-D-glycerate	-3.95	<0.01	-2.37737062577	-0.501136297378
Glycyl-tRNA(Gly)	-4	<0.01	-6.79727440602	-4.93611549237
(2S,4S)-4-Hydroxy-2,3,4,5-tetrahydrodipicolinate	-4.269	<0.01	0.306224726038	1.70334375278
D-Proline	-4.285	<0.01	-3.24332779081	-1.96082087474
N-Acetyl-D-mannosamine	-4.304	<0.01	-7.05829410821	-5.21640758194
Propanoyl-CoA	-4.392	<0.01	-2.75640369032	-1.28087371874
ADP	-4.719	<0.01	2.22752587317	3.63650400781
L-Seryl-tRNA(Sec)	-4.858	<0.01	-1.67311654994	-0.335286633625
5-Phospho-alpha-D-ribose_1-diphosphate	-5.571	<0.01	-3.28786218254	-1.71145779066
Propanoyl_phosphate	-5.781	<0.01	-3.58371344107	-2.09078874321
RNA	-5.83	<0.01	2.71651775291	4.20983326618
GTP	-6.242	<0.01	-2.33112211375	-0.860901547511
Phosphoenolpyruvate	-7.272	<0.01	-0.177599615453	1.18094873977
