KEGG_ID	Degree_centrality	Betweenness_centrality	Closeness_centrality	Compound_name
C00002	8	4271.08440424619	5.85394409483389e-06	ATP
C00003	3	1414	5.68740864599862e-06	NAD+
C00006	1	0	5.61920870303044e-06	NADP+
C00007	1	0	5.79498501996372e-06	Oxygen
C00008	8	19688.9983396405	5.8632800361178e-06	ADP
C00009	1	0	5.65230416179155e-06	Orthophosphate
C00010	3	19173	5.83025787230569e-06	CoA
C00011	16	18643.464741122	5.87982807382712e-06	CO2
C00012	1	0	5.67359791211597e-06	Peptide
C00014	12	33007.5478897444	5.88190314858275e-06	Ammonia
C00015	7	20110.3034184472	5.81047396036095e-06	UDP
C00016	2	0	5.59437429720673e-06	FAD
C00018	1	0	6.92712182936975e-07	Pyridoxal_phosphate
C00019	5	11326.9	5.76060094589068e-06	S-Adenosyl-L-methionine
C00020	8	18429.1670494344	5.82448496991654e-06	AMP
C00021	3	3446.4	5.73259726784414e-06	S-Adenosyl-L-homocysteine
C00022	28	256311.258416179	5.9128563235042e-06	Pyruvate
C00024	29	164888.084507913	5.90029678492828e-06	Acetyl-CoA
C00025	16	46286.5683021771	5.88134965211817e-06	L-Glutamate
C00026	19	44252.55241742	5.89960059703958e-06	2-Oxoglutarate
C00027	1	0	5.79498501996372e-06	Hydrogen_peroxide
C00029	7	1641	5.71340421763499e-06	UDP-glucose
C00031	3	590.496974177684	5.71941684825815e-06	D-Glucose
C00033	5	2051.79556830578	5.85847105622375e-06	Acetate
C00035	6	15400.3264213473	5.86286752850819e-06	GDP
C00036	8	20518.1287559094	5.88100376972342e-06	Oxaloacetate
C00037	13	23038.9042498223	5.85874564255793e-06	Glycine
C00039	14	21	5.7824525694328e-06	DNA
C00040	4	0	5.83433975694141e-06	Acyl-CoA
C00041	4	7222.86795366054	5.81486628714973e-06	L-Alanine
C00043	7	3848	5.66100754612306e-06	UDP-N-acetyl-alpha-D-glucosamine
C00044	16	24003.424034067	5.86176779193069e-06	GTP
C00046	9	1815.20736783753	5.80527932101453e-06	RNA
C00047	4	24	5.65217637051147e-06	L-Lysine
C00048	4	5841	5.86727060438754e-06	Glyoxylate
C00049	17	35945.6896224734	5.8803121269677e-06	L-Aspartate
C00051	1	0	5.81189229401201e-06	Glutathione
C00052	3	9	5.71294725235802e-06	UDP-alpha-D-galactose
C00054	1	0	5.76206143509902e-06	Adenosine_3',5'-bisphosphate
C00055	4	3668.85767396504	5.76571590011474e-06	CMP
C00058	4	3425.67375389639	5.86968133500032e-06	Formate
C00060	1	0	5.82014585285507e-06	Carboxylate
C00061	2	0	5.59437429720673e-06	FMN
C00062	2	0	5.5325952851223e-06	L-Arginine
C00063	5	0	5.79679900758801e-06	CTP
C00064	11	21616.6189187735	5.87416366594806e-06	L-Glutamine
C00065	7	19932.8545840674	5.86775259207971e-06	L-Serine
C00068	8	4963.62376793075	5.84484280295281e-06	Thiamin_diphosphate
C00071	3	0	5.87037047908093e-06	Aldehyde
C00072	2	0	6.90985199788006e-07	Ascorbate
C00073	5	16096.7497598379	5.82937421667784e-06	L-Methionine
C00074	6	8635.91642974053	5.86727060438754e-06	Phosphoenolpyruvate
C00075	4	0	5.79391059995944e-06	UTP
C00077	4	9980.78939191282	5.81263550706526e-06	L-Ornithine
C00078	1	0	6.90410815147337e-07	L-Tryptophan
C00079	8	8897.13872623206	5.8693368236323e-06	L-Phenylalanine
C00080	1	0	6.90410815147337e-07	H+
C00082	8	7405.17238374607	5.86899235270296e-06	L-Tyrosine
C00083	6	10366	5.82984999795955e-06	Malonyl-CoA
C00084	7	5696.32915018447	5.87092191086766e-06	Acetaldehyde
C00085	5	9961.77434936676	5.8449111281263e-06	D-Fructose_6-phosphate
C00088	2	0	5.80898882931448e-06	Nitrite
C00089	2	0	5.71771634409217e-06	Sucrose
C00091	9	1014.4727137957	5.83631471743482e-06	Succinyl-CoA
C00092	4	0	5.78325516300105e-06	D-Glucose_6-phosphate
C00093	7	3064.86007887865	5.84579950076872e-06	sn-Glycerol_3-phosphate
C00094	8	5683.05326146629	5.85387555831338e-06	Sulfite
C00095	6	8580.91417943768	5.78285383836923e-06	D-Fructose
C00096	2	0	6.90410815147337e-07	GDP-mannose
C00097	12	34430.6433006768	5.88792915643639e-06	L-Cysteine
C00099	4	7675.59406204234	5.84826101958583e-06	beta-Alanine
C00100	3	501.270944458962	5.86059977378085e-06	Propanoyl-CoA
C00101	19	72244.2077591232	5.87140449867013e-06	Tetrahydrofolate
C00103	7	9985.33333333334	5.78278695634574e-06	D-Glucose_1-phosphate
C00105	12	47191.5783661645	5.78472716334334e-06	UMP
C00106	6	2745.82505930548	5.78727147511763e-06	Uracil
C00109	6	11065.5925345061	5.88072709309779e-06	2-Oxobutanoate
C00111	8	8019.88145229681	5.8512723591745e-06	Glycerone_phosphate
C00112	5	10354.8305626574	5.81040643793033e-06	CDP
C00114	1	0	5.77911082600831e-06	Choline
C00116	2	0	5.7737720630265e-06	Glycerol
C00117	9	35451.509429312	5.84915041090282e-06	D-Ribose_5-phosphate
C00118	16	137951.588448359	5.88876129906074e-06	D-Glyceraldehyde_3-phosphate
C00119	10	22967.3953943402	5.83849553647016e-06	5-Phospho-alpha-D-ribose_1-diphosphate
C00120	3	1518	5.75682039296056e-06	Biotin
C00121	1	0	5.77724113626779e-06	D-Ribose
C00122	5	5400.20170859513	5.81256793438773e-06	Fumarate
C00123	1	0	6.90410815147337e-07	L-Leucine
C00129	3	4961.45476190476	5.5259304285359e-06	Isopentenyl_diphosphate
C00130	6	15554.3651121903	5.85627529178892e-06	IMP
C00131	16	10186.9059133617	5.85408117268954e-06	dATP
C00133	4	5230.94415104806	5.75516382073816e-06	D-Alanine
C00134	4	4410	5.66562608000997e-06	Putrescine
C00135	2	1404	5.66107164086161e-06	L-Histidine
C00136	10	20154.0316040302	5.83890462149301e-06	Butanoyl-CoA
C00140	1	0	5.68501600332005e-06	N-Acetyl-D-glucosamine
C00141	4	10136.229004329	5.82964608218635e-06	3-Methyl-2-oxobutanoic_acid
C00143	4	2109.34329855034	5.84826101958583e-06	5,10-Methylenetetrahydrofolate
C00144	5	13972.0411201592	5.82387439067714e-06	GMP
C00147	7	7903.10998010432	5.81926525956833e-06	Adenine
C00148	6	8025	5.7431326491348e-06	L-Proline
C00149	5	5577.20170859514	5.84915041090282e-06	(S)-Malate
C00151	1	0	5.81189229401201e-06	L-Amino_acid
C00152	4	2090	5.80777428666012e-06	L-Asparagine
C00153	2	0	5.76611484947557e-06	Nicotinamide
C00155	4	19936.5775936626	5.87085297622892e-06	L-Homocysteine
C00158	2	0	5.75516382073816e-06	Citrate
C00159	4	0	5.69732396693273e-06	D-Mannose
C00160	3	1512	5.79511935048302e-06	Glycolate
C00162	1	0	5.84696162639085e-06	Fatty_acid
C00163	1	0	5.79955575402924e-06	Propanoate
C00164	5	4752.09523809524	5.82937421667784e-06	Acetoacetate
C00166	8	19468.3887262321	5.86919903040832e-06	Phenylpyruvate
C00167	1	0	5.64458317575539e-06	UDP-glucuronate
C00169	5	917.595283384151	5.83168588207165e-06	Carbamoyl_phosphate
C00170	4	8254	5.73253154325482e-06	5'-Methylthioadenosine
C00178	2	0	5.74451829341851e-06	Thymine
C00179	2	1516	5.59844587142609e-06	Agmatine
C00180	1	0	5.82014585285507e-06	Benzoate
C00181	2	1514	5.72000572000572e-06	D-Xylose
C00183	1	0	6.90410815147337e-07	L-Valine
C00185	1	0	5.57764924394964e-06	Cellobiose
C00186	2	0	5.85366995838041e-06	(S)-Lactate
C00188	7	14304.0850006623	5.86080586080586e-06	L-Threonine
C00189	4	795.13992112135	5.80352738394396e-06	Ethanolamine
C00192	1	0	5.80898882931448e-06	Hydroxylamine
C00194	2	0	5.52385476681047e-06	Cobamide_coenzyme
C00197	10	7258.95227729173	5.82631747603927e-06	3-Phospho-D-glycerate
C00199	4	3562.09093981593	5.81804641637431e-06	D-Ribulose_5-phosphate
C00204	6	4342	5.79505218444492e-06	2-Dehydro-3-deoxy-D-gluconate
C00206	5	5171.44782922732	5.86307377505731e-06	dADP
C00208	3	0	5.71830486570561e-06	Maltose
C00212	3	0	5.76618134640334e-06	Adenosine
C00214	2	0	5.74451829341851e-06	Thymidine
C00217	4	8377.33834929537	5.84327176472651e-06	D-Glutamate
C00221	1	0	5.71778172940026e-06	beta-D-Glucose
C00222	2	0	5.7764402109556e-06	3-Oxopropanoate
C00226	2	0	5.8370641901949e-06	Primary_alcohol
C00227	4	2693.26926641612	5.83529301923896e-06	Acetyl_phosphate
C00229	2	19350	5.83120980109743e-06	Acyl-carrier_protein
C00231	6	8039.3373560816	5.83720047865044e-06	D-Xylulose_5-phosphate
C00232	3	1512	5.77657368308561e-06	Succinate_semialdehyde
C00233	1	0	5.80844896987158e-06	4-Methyl-2-oxopentanoate
C00234	7	2818.99180279831	5.83563354555587e-06	10-Formyltetrahydrofolate
C00235	3	4961.45476190476	5.5259304285359e-06	Dimethylallyl_diphosphate
C00236	4	3344.27155463456	5.81655741232994e-06	3-Phospho-D-glyceroyl_phosphate
C00237	14	11172.5516735734	5.8441596390647e-06	CO
C00239	4	7767.30463655988	5.78887956236071e-06	dCMP
C00242	7	4835.98310940653	5.81940071811405e-06	Guanine
C00245	1	0	5.81189229401201e-06	Taurine
C00246	6	1529.17180362681	5.77203908824871e-06	Butanoic_acid
C00250	1	0	6.92712182936975e-07	Pyridoxal
C00251	6	16320.1571428571	5.80002668012273e-06	Chorismate
C00253	2	0	5.76897560300218e-06	Nicotinate
C00254	4	35.0714285714286	5.79854688415083e-06	Prephenate
C00255	2	2112	5.66190500455783e-06	Riboflavin
C00256	1	0	5.83917737669117e-06	(R)-Lactate
C00258	4	1828.24222587586	5.8478506225037e-06	D-Glycerate
C00262	4	3199.42149959661	5.81831722629181e-06	Hypoxanthine
C00263	4	1482	5.6701235519922e-06	L-Homoserine
C00266	1	0	5.66434239816928e-06	Glycolaldehyde
C00267	4	7153.60106386653	5.73279445065497e-06	alpha-D-Glucose
C00269	3	68	5.69472838992944e-06	CDP-diacylglycerol
C00270	1	0	5.52776319062491e-06	N-Acetylneuraminate
C00275	5	3790	5.76724550587394e-06	D-Mannose_6-phosphate
C00279	5	5499.06674281308	5.8544924447775e-06	D-Erythrose_4-phosphate
C00282	1	0	6.90410815147337e-07	Hydrogen
C00283	7	1291.9118670105	5.82577439106093e-06	Hydrogen_sulfide
C00286	9	5935.29515144477	5.85408117268954e-06	dGTP
C00288	4	0	5.82774355597256e-06	HCO3-
C00294	3	1184.09137137796	5.76618134640334e-06	Inosine
C00295	4	3629.7	5.77904403053647e-06	Orotate
C00299	4	6110.2994503747	5.75350820162594e-06	Uridine
C00301	1	0	5.77704088411834e-06	ADP-ribose
C00302	1	0	5.82014585285507e-06	DL-Glutamate
C00310	2	1338.93109681388	5.77044034230252e-06	D-Xylulose
C00311	4	4341	5.82665695557174e-06	Isocitrate
C00314	1	0	6.92712182936975e-07	Pyridoxine
C00315	2	0	5.66511253746056e-06	Spermidine
C00320	2	0	5.85312176249203e-06	Thiosulfate
C00327	3	75.3333333333333	5.81378448300921e-06	L-Citrulline
C00329	1	0	5.74788621484449e-06	D-Glucosamine
C00330	1	0	5.7660483540815e-06	Deoxyguanosine
C00332	6	18874.5577064371	5.83025787230569e-06	Acetoacetyl-CoA
C00334	3	1036.5	5.8473035159836e-06	4-Aminobutanoate
C00337	3	763.7	5.76564941392174e-06	(S)-Dihydroorotate
C00341	2	0	5.52330558792826e-06	Geranyl_diphosphate
C00342	4	3080.43247160034	5.8120949696318e-06	Thioredoxin
C00343	4	2437.88964597633	5.8120949696318e-06	Thioredoxin_disulfide
C00344	1	0	5.62641715382062e-06	Phosphatidylglycerol
C00352	5	10793.8953139626	5.81926525956833e-06	D-Glucosamine_6-phosphate
C00353	1	0	5.52330558792826e-06	Geranylgeranyl_diphosphate
C00354	4	2578.5650108956	5.83795017893317e-06	D-Fructose_1,6-bisphosphate
C00356	2	0	5.82760770875948e-06	(S)-3-Hydroxy-3-methylglutaryl-CoA
C00357	5	4402	5.75483262069323e-06	N-Acetyl-D-glucosamine_6-phosphate
C00360	2	0	5.80123798418583e-06	dAMP
C00361	5	40457.7098779275	5.8627300388699e-06	dGDP
C00362	2	0	5.80069956436746e-06	dGMP
C00363	1	0	5.76817696766937e-06	dTDP
C00364	2	646.647174621315	5.81642208611795e-06	dTMP
C00365	6	12216.0520104122	5.82123002590447e-06	dUMP
C00369	3	1167.5	5.71255562601041e-06	Starch
C00376	1	0	5.79975757013357e-06	Retinal
C00378	2	0	5.77290544558171e-06	Thiamine
C00380	2	0	5.74451829341851e-06	Cytosine
C00385	8	4018.56570121016	5.81845264070473e-06	Xanthine
C00387	2	0	5.76611484947557e-06	Guanosine
C00392	2	0	5.69693447955655e-06	Mannitol
C00402	1	0	5.8074370038271e-06	D-Aspartate
C00407	1	0	6.90410815147337e-07	L-Isoleucine
C00409	1	0	5.76618134640334e-06	Methanethiol
C00415	1	0	5.80029581508657e-06	Dihydrofolate
C00416	4	98	5.76412065457354e-06	Phosphatidate
C00417	2	0	5.75516382073816e-06	cis-Aconitate
C00424	1	0	6.90410815147337e-07	(S)-Lactaldehyde
C00429	1	0	6.92712182936975e-07	5,6-Dihydrouracil
C00431	2	0	5.60616678346181e-06	5-Aminopentanoate
C00433	1	0	5.84696162639085e-06	2,5-Dioxopentanoate
C00437	4	1158	5.81168963252686e-06	N-Acetylornithine
C00438	3	58.4	5.81405489630633e-06	N-Carbamoyl-L-aspartate
C00440	9	6661.28447307075	5.8470983774302e-06	5-Methyltetrahydrofolate
C00441	5	6111.50738123038	5.7393091019703e-06	L-Aspartate_4-semialdehyde
C00445	3	1512	5.80608826415379e-06	5,10-Methenyltetrahydrofolate
C00446	1	0	5.71288197757123e-06	alpha-D-Galactose_1-phosphate
C00447	2	0	5.8308697908467e-06	Sedoheptulose_1,7-bisphosphate
C00448	4	10154.9095238095	5.58824679933165e-06	trans,trans-Farnesyl_diphosphate
C00455	1	0	5.68721457291862e-06	Nicotinamide_D-ribonucleotide
C00458	8	34.4444444444444	5.79693342221965e-06	dCTP
C00459	7	0	5.7824525694328e-06	dTTP
C00460	1	0	5.74980306924488e-06	dUTP
C00469	2	0	5.8370641901949e-06	Ethanol
C00473	1	0	5.79975757013357e-06	Retinol
C00475	5	8752.76819860521	5.75350820162594e-06	Cytidine
C00479	1	0	6.91559584428015e-07	Propanal
C00491	1	0	5.86066846784544e-06	L-Cystine
C00492	1	0	5.71765096027948e-06	Raffinose
C00493	4	2898	5.59387358964462e-06	Shikimate
C00498	4	1197.5	5.71255562601041e-06	ADP-glucose
C00499	1	0	6.90410815147337e-07	Allantoate
C00506	2	0	5.86637569443222e-06	L-Cysteate
C00512	1	0	5.83325069561515e-06	S-Benzoate_coenzyme_A
C00522	3	2970.55281385281	5.7793112216886e-06	(R)-Pantoate
C00526	3	2664.26383764258	5.78058071713884e-06	Deoxyuridine
C00527	1	0	5.83325069561515e-06	Glutaryl-CoA
C00534	2	0	6.92712182936975e-07	Pyridoxamine
C00546	2	0	5.77937802333713e-06	Methylglyoxal
C00555	1	0	5.84696162639085e-06	4-Aminobutyraldehyde
C00559	3	2079	5.76611484947557e-06	Deoxyadenosine
C00568	2	1444.15714285714	5.73917734631918e-06	4-Aminobenzoate
C00577	2	36527.2401753678	5.86740830707668e-06	D-Glyceraldehyde
C00606	5	4434.99969878856	5.86878568955297e-06	3-Sulfino-L-alanine
C00620	2	0	5.79008621438373e-06	alpha-D-Ribose_1-phosphate
C00624	2	6743.99261876963	5.81087912790326e-06	N-Acetyl-L-glutamate
C00627	1	0	6.92712182936975e-07	Pyridoxine_phosphate
C00630	1	0	5.76784426820476e-06	2-Methylpropanoyl-CoA
C00631	6	3536.63006786251	5.8014399173875e-06	2-Phospho-D-glycerate
C00636	2	0	6.90410815147337e-07	D-Mannose_1-phosphate
C00637	1	0	5.84696162639085e-06	Indole-3-acetaldehyde
C00641	3	20	5.69433925734427e-06	1,2-Diacyl-sn-glycerol
C00644	3	2274	5.76697942918438e-06	D-Mannitol_1-phosphate
C00645	2	0	5.59374842675826e-06	N-Acetyl-D-mannosamine
C00647	2	0	6.92712182936975e-07	Pyridoxamine_phosphate
C00655	6	2207.43682980767	5.80372947656164e-06	Xanthosine_5'-phosphate
C00663	2	184.003025822316	5.70323772805822e-06	beta-D-Glucose_1-phosphate
C00666	3	1530	5.65192080528568e-06	LL-2,6-Diaminoheptanedioate
C00668	7	17318.3099138505	5.7868026179495e-06	alpha-D-Glucose_6-phosphate
C00670	1	0	5.77911082600831e-06	sn-Glycero-3-phosphocholine
C00671	1	0	5.75900852909163e-06	(S)-3-Methyl-2-oxopentanoic_acid
C00672	2	11738.9771043564	5.79747114308739e-06	2-Deoxy-D-ribose_1-phosphate
C00673	3	5392.98285938245	5.83379517545139e-06	2-Deoxy-D-ribose_5-phosphate
C00680	5	4570	5.72066016418295e-06	meso-2,6-Diaminoheptanedioate
C00681	4	64	5.77563950768449e-06	1-Acyl-sn-glycerol_3-phosphate
C00689	3	14.6666666666667	5.71823946843246e-06	alpha,alpha'-Trehalose_6-phosphate
C00692	2	16104.6577291403	5.78205135618015e-06	UDP-N-acetylmuramoyl-L-alanyl-D-glutamate
C00705	4	8138.75623680099	5.80993382485373e-06	dCDP
C00718	5	37.6666666666667	5.71268616216031e-06	Amylose
C00725	1	0	6.90984722327789e-07	Lipoate
C00726	1	0	5.82014585285507e-06	Nitrile
C00748	2	0	6.92133966682055e-07	Siroheme
C00750	2	0	5.66511253746056e-06	Spermine
C00760	3	30	5.64483807781974e-06	Cellulose
C00763	3	2199	5.67398421497591e-06	D-Proline
C00794	4	0	5.71294725235802e-06	D-Sorbitol
C00804	1	0	5.84696162639085e-06	Propynoate
C00817	4	1	5.72432782080564e-06	D-Altronate
C00818	1	0	5.84696162639085e-06	D-Glucarate
C00819	2	0	5.83938195981337e-06	D-Glutamine
C00826	1	0	5.79841239468633e-06	L-Arogenate
C00831	1	0	5.75655527732205e-06	Pantetheine
C00853	1	0	5.45949870882856e-06	Cob(I)alamin
C00857	2	705	5.68727926247363e-06	Deamino-NAD+
C00860	2	3495	5.72996945926278e-06	L-Histidinol
C00862	2	0	5.81446056342123e-06	Methanofuran
C00864	2	10477.6468758952	5.78827642492895e-06	Pantothenate
C00877	6	4659.81383077401	5.7722389937833e-06	Crotonoyl-CoA
C00881	1	0	5.71732406364525e-06	Deoxycytidine
C00882	2	16397.8063225663	5.77750816073028e-06	Dephospho-CoA
C00886	1	0	5.74359445628263e-06	L-Alanyl-tRNA
C00900	2	1849.24242424244	5.84183807593221e-06	2-Acetolactate
C00906	1	0	6.92712182936975e-07	5,6-Dihydrothymine
C00921	2	61.1571428571429	5.80191114953266e-06	Dihydropteroate
C00931	1	0	6.90410815147337e-07	Porphobilinogen
C00944	1	0	5.7425390061962e-06	3-Dehydroquinate
C00954	2	0	5.8609432602083e-06	Indole-3-acetate
C00957	7	22845.9722815165	5.88100376972342e-06	Mercaptopyruvate
C00966	3	2852.55281385281	5.76544996454248e-06	2-Dehydropantoate
C00969	1	0	6.91559584428015e-07	3-Hydroxypropanal
C00979	2	0	5.83188994057304e-06	O-Acetyl-L-serine
C00988	1	0	5.72432782080564e-06	2-Phosphoglycolate
C00989	1	0	5.70623177572227e-06	4-Hydroxybutanoic_acid
C00993	2	3254.94415104807	5.71810867837354e-06	D-Alanyl-D-alanine
C01001	2	0	5.81446056342123e-06	Formylmethanofuran
C01024	1	0	6.90410815147337e-07	Hydroxymethylbilane
C01050	3	6807	5.71301252863647e-06	UDP-N-acetylmuramate
C01077	1	0	5.82129780013156e-06	O-Acetyl-L-homoserine
C01079	1	0	6.90410815147337e-07	Protoporphyrinogen_IX
C01081	1	0	5.72832830195164e-06	Thiamin_monophosphate
C01083	1	0	5.71804328558767e-06	alpha,alpha-Trehalose
C01089	1	0	5.75774849003046e-06	(R)-3-Hydroxybutanoate
C01094	5	7044.59943171144	5.8329104473259e-06	D-Fructose_1-phosphate
C01096	4	2537.47641629192	5.76717898439978e-06	Sorbitol_6-phosphate
C01097	2	0	5.78031340859301e-06	D-Tagatose_6-phosphate
C01099	1	0	6.90410815147337e-07	L-Fuculose_1-phosphate
C01100	3	4879	5.80022852900404e-06	L-Histidinol_phosphate
C01101	1	0	5.76538348448247e-06	L-Ribulose_5-phosphate
C01102	2	0	5.78854447049289e-06	O-Phospho-L-homoserine
C01103	3	5037.02624659085	5.78867850258464e-06	Orotidine_5'-phosphate
C01118	2	0	5.60233505325019e-06	O-Succinyl-L-homoserine
C01127	1	0	5.86685753509848e-06	4-Hydroxy-2-oxoglutarate
C01134	3	16279.8063225663	5.81926525956833e-06	Pantetheine_4'-phosphate
C01137	3	5873.5	5.69284807496342e-06	S-Adenosylmethioninamine
C01142	1	0	5.58481377438469e-06	(3S)-3,6-Diaminohexanoate
C01144	5	1980.38076082721	5.83440783677661e-06	(S)-3-Hydroxybutanoyl-CoA
C01146	1	0	5.77577294281407e-06	2-Hydroxy-3-oxopropanoate
C01149	1	0	5.84696162639085e-06	4-Trimethylammoniobutanal
C01151	1	0	6.95593139225749e-07	D-Ribose_1,5-bisphosphate
C01157	2	0	5.67372667389121e-06	Hydroxyproline
C01170	2	0	5.5936232694728e-06	UDP-N-acetyl-D-mannosamine
C01172	6	6691.63670823114	5.77203908824871e-06	beta-D-Glucose_6-phosphate
C01179	8	5242.10301194634	5.86768373184685e-06	3-(4-Hydroxyphenyl)pyruvate
C01181	1	0	5.84696162639085e-06	4-Trimethylammoniobutanoate
C01185	3	5058.65787545787	5.75675411176162e-06	Nicotinate_D-ribonucleotide
C01209	4	10484	5.8325702387271e-06	Malonyl-[acyl-carrier_protein]
C01212	3	8303	5.77744140230058e-06	UDP-N-acetylmuramoyl-L-alanine
C01217	2	0	5.84252069712957e-06	5,6,7,8-Tetrahydromethanopterin
C01228	1	0	5.71895892071807e-06	Guanosine_3',5'-bis(diphosphate)
C01233	1	0	5.77911082600831e-06	sn-Glycero-3-phosphoethanolamine
C01242	4	1	5.82272142353893e-06	S-Aminomethyldihydrolipoylprotein
C01250	4	4077.99261876958	5.74161580551999e-06	N-Acetyl-L-glutamate_5-semialdehyde
C01251	1	0	5.85038232248477e-06	(R)-2-Hydroxybutane-1,2,4-tricarboxylate
C01267	4	4553.06332983667	5.8074370038271e-06	3-(Imidazol-4-yl)-2-oxopropyl_phosphate
C01268	2	0	5.72970681090249e-06	5-Amino-6-(5'-phosphoribosylamino)uracil
C01269	4	8646	5.72990379491528e-06	5-O-(1-Carboxyvinyl)-3-phosphoshikimate
C01279	2	2137.44729486695	5.66941633358846e-06	4-Amino-5-hydroxymethyl-2-methylpyrimidine
C01300	3	14	5.73358331756598e-06	2-Amino-4-hydroxy-6-hydroxymethyl-7,8-dihydropteridine
C01304	2	2097	5.80056497502857e-06	2,5-Diamino-6-(5-phospho-D-ribosylamino)pyrimidin-4(3H)-one
C01346	4	2232.72469928454	5.80568376440535e-06	dUDP
C01401	1	0	5.82014585285507e-06	Alanine
C01412	1	0	5.83631471743482e-06	Butanal
C01419	3	838.858108109989	5.83318264278173e-06	Cys-Gly
C01451	1	0	5.71804328558767e-06	Salicin
C01528	1	0	5.74689523984667e-06	Hydrogen_selenide
C01613	1	0	5.71765096027948e-06	Stachyose
C01672	1	0	5.66511253746056e-06	Cadaverine
C01697	3	0	6.91560540938655e-07	Galactitol
C01762	2	0	5.76611484947557e-06	Xanthosine
C01801	1	0	5.77724113626779e-06	Deoxyribose
C01909	2	0	5.68695582941407e-06	Dethiobiotin
C01929	2	0	5.66094345283585e-06	L-Histidinal
C01931	1	0	5.58481377438469e-06	L-Lysyl-tRNA
C01962	1	0	5.86066846784544e-06	Thiocysteine
C02047	1	0	6.90410815147337e-07	L-Leucyl-tRNA
C02051	3	4187.56951637419	5.843613222928e-06	Lipoylprotein
C02091	1	0	6.90410815147337e-07	(S)-Ureidoglycine
C02163	1	0	5.46803659210087e-06	L-Arginyl-tRNA(Arg)
C02166	1	0	5.81189229401201e-06	Leukotriene_C4
C02170	1	0	5.84696162639085e-06	Methylmalonate
C02218	1	0	5.85504089746067e-06	Dehydroalanine
C02226	4	0.5	5.76445292459519e-06	2-Methylmaleate
C02232	1	0	5.76438646752633e-06	3-Oxoadipyl-CoA
C02282	2	0	5.8014399173875e-06	Glutaminyl-tRNA
C02291	1	0	5.86066846784544e-06	L-Cystathionine
C02320	1	0	5.81189229401201e-06	R-S-Glutathione
C02331	2	0	5.70206699928724e-06	Vinylacetyl-CoA
C02336	2	2145.04835204156	5.77183919655998e-06	beta-D-Fructose
C02352	1	0	5.65102650896535e-06	1,4-beta-D-Xylan
C02380	1	0	5.80346002286563e-06	6-Mercaptopurine
C02411	1	0	6.98533289651718e-07	Glutaconyl-1-CoA
C02412	2	0	5.78646776648131e-06	Glycyl-tRNA(Gly)
C02430	2	4120.85669405171	5.8014399173875e-06	L-Methionyl-tRNA
C02457	1	0	6.91559584428015e-07	Propane-1,3-diol
C02463	1	0	6.92133966682055e-07	Precorrin_2
C02504	4	2603.11638092499	5.82896646595592e-06	alpha-Isopropylmalate
C02512	1	0	5.81189229401201e-06	3-Cyano-L-alanine
C02527	4	165.162439124551	5.76724550587394e-06	Butanoylphosphate
C02553	1	0	5.795455204029e-06	L-Seryl-tRNA(Ser)
C02554	1	0	6.90410815147337e-07	L-Valyl-tRNA(Val)
C02576	1	0	5.84696162639085e-06	Perillyl_aldehyde
C02612	2	0	5.76445292459519e-06	(R)-2-Methylmalate
C02631	4	0.5	5.76445292459519e-06	2-Isopropylmaleate
C02637	2	0	5.52788541799106e-06	3-Dehydroshikimate
C02642	1	0	6.92712182936975e-07	3-Ureidopropionate
C02670	1	0	5.84696162639085e-06	D-Glucuronolactone
C02702	1	0	5.67359791211597e-06	L-Prolyl-tRNA(Pro)
C02713	1	0	5.71804328558767e-06	N-Acetylmuramate
C02714	1	0	5.59794443480354e-06	N-Acetylputrescine
C02739	5	4976.68383557619	5.77137283645661e-06	1-(5-Phospho-D-ribosyl)-ATP
C02741	2	0	5.71144630954897e-06	Phosphoribosyl-AMP
C02835	1	0	5.84696162639085e-06	Imidazole-4-acetate
C02839	1	0	5.79639580109088e-06	L-Tyrosyl-tRNA(Tyr)
C02876	3	1945.53374462157	5.83529301923896e-06	Propanoyl_phosphate
C02909	2	0	5.8370641901949e-06	(2-Naphthyl)methanol
C02938	1	0	5.82014585285507e-06	3-Indoleacetonitrile
C02946	1	0	5.84696162639085e-06	4-Acetamidobutanoate
C02962	1	0	5.78325516300105e-06	D-Allose_6-phosphate
C02972	1	0	5.83474825978633e-06	Dihydrolipoylprotein
C02984	1	0	5.8074370038271e-06	L-Aspartyl-tRNA(Asp)
C02987	1	0	5.80851644681432e-06	L-Glutamyl-tRNA(Glu)
C02988	1	0	5.59349811778788e-06	L-Histidyl-tRNA(His)
C02992	1	0	5.78841044460781e-06	L-Threonyl-tRNA(Thr)
C02995	3	7.75	5.71823946843246e-06	Maltose_6'-phosphate
C03028	1	0	5.77290544558171e-06	Thiamin_triphosphate
C03058	1	0	6.98533289651718e-07	2-Hydroxyglutaryl-CoA
C03082	3	7289.50738123036	5.80885385504586e-06	4-Phospho-L-aspartate
C03089	2	0	5.73148015474996e-06	5-Methylthio-D-ribose
C03090	3	3609.04135349606	5.82455281995725e-06	5-Phosphoribosylamine
C03114	1	0	5.3969744561199e-06	Dimethylbenzimidazole
C03127	1	0	6.90410815147337e-07	L-Isoleucyl-tRNA(Ile)
C03150	2	0	5.76611484947557e-06	Nicotinamide-beta-riboside
C03175	4	5780	5.66119983469297e-06	Shikimate_3-phosphate
C03194	1	0	5.65473329450417e-06	(R)-1-Aminopropan-2-ol
C03232	1	0	5.75476638525859e-06	3-Phosphonooxypyruvate
C03263	1	0	6.90410815147337e-07	Coproporphyrinogen_III
C03294	1	0	5.7990176464107e-06	N-Formylmethionyl-tRNA
C03345	2	0	5.76784426820476e-06	2-Methylbut-2-enoyl-CoA
C03373	2	3531.44729486694	5.67591651861984e-06	Aminoimidazole_ribotide
C03402	1	0	5.73667513782362e-06	L-Asparaginyl-tRNA(Asn)
C03406	1	0	5.80932629242987e-06	N-(L-Arginino)succinate
C03451	1	0	5.70896821817393e-06	(R)-S-Lactoylglutathione
C03460	1	0	5.76784426820476e-06	2-Methylprop-2-enoyl-CoA
C03479	1	0	5.73503013758337e-06	Folinic_acid
C03492	2	8	5.81703110366531e-06	D-4'-Phosphopantothenate
C03511	1	0	5.79673180260969e-06	L-Phenylalanyl-tRNA(Phe)
C03512	1	0	6.90410815147337e-07	L-Tryptophanyl-tRNA(Trp)
C03539	2	12212.9	5.80103606504122e-06	S-Ribosyl-L-homocysteine
C03561	1	0	5.76358910220573e-06	(R)-3-Hydroxybutanoyl-CoA
C03688	1	0	5.76206143509902e-06	Apo-[acyl-carrier-protein]
C03722	2	6442.65787545788	5.80548153566598e-06	Quinolinate
C03740	1	0	5.81189229401201e-06	(5-L-Glutamyl)-L-amino_acid
C03752	4	0	6.92136840990559e-07	2-Amino-2-deoxy-D-gluconate
C03785	3	2148.01664217284	5.82529927475024e-06	D-Tagatose_1,6-bisphosphate
C03794	4	2303.47887652053	5.82815113561525e-06	N6-(1,2-Dicarboxyethyl)-AMP
C03838	2	3386.0791871892	5.82007810544818e-06	5'-Phosphoribosylglycinamide
C03892	1	0	5.62635384139309e-06	Phosphatidylglycerophosphate
C03912	2	0	5.67372667389121e-06	(S)-1-Pyrroline-5-carboxylate
C03939	3	5797	5.83243416639935e-06	Acetyl-[acyl-carrier_protein]
C03972	4	633.998880900164	5.67398421497591e-06	2,3,4,5-Tetrahydrodipicolinate
C03974	1	0	5.83325069561515e-06	2-Acyl-sn-glycerol_3-phosphate
C04039	2	1725.02337662338	5.79062266565524e-06	2,3-Dihydroxy-3-methylbutanoate
C04046	2	0	5.62597399674819e-06	3-D-Glucosyl-1,2-diacylglycerol
C04051	1	0	5.78720449087068e-06	5-Amino-4-imidazolecarboxyamide
C04079	1	0	5.75655527732205e-06	N-((R)-Pantothenoyl)-L-cysteine
C04088	1	0	5.69641524588576e-06	Octadecanoyl-[acyl-carrier_protein]
C04122	2	4907	5.72275539226627e-06	D-1-Aminopropan-2-ol_O-phosphate
C04133	3	5386.49261876961	5.74049517511381e-06	N-Acetyl-L-glutamate_5-phosphate
C04181	2	0	5.77097315920384e-06	3-Hydroxy-3-methyl-2-oxobutanoic_acid
C04216	1	0	5.52239053241367e-06	all-trans-Heptaprenyl_diphosphate
C04236	1	0	5.80844896987158e-06	(2S)-2-Isopropyl-3-oxosuccinate
C04246	2	854.125	5.69745380789325e-06	But-2-enoyl-[acyl-carrier_protein]
C04257	1	0	5.68501600332005e-06	N-Acetyl-D-mannosamine_6-phosphate
C04260	2	0	5.68540386266338e-06	O-D-Alanyl-poly(ribitol_phosphate)
C04272	3	1725.02337662338	5.79062266565524e-06	(R)-2,3-Dihydroxy-3-methylbutanoate
C04281	2	0	5.67372667389121e-06	L-1-Pyrroline-3-hydroxy-5-carboxylate
C04294	1	0	5.72767210222749e-06	5-(2-Hydroxyethyl)-4-methylthiazole
C04327	3	1408.55270513305	5.79854688415083e-06	4-Methyl-5-(2-phosphoethyl)-thiazole
C04332	2	4211	5.73069186642903e-06	6,7-Dimethyl-8-(D-ribityl)lumazine
C04352	3	8	5.81703110366531e-06	(R)-4'-Phosphopantothenoyl-L-cysteine
C04376	2	6295.44729486694	5.80669511947275e-06	5'-Phosphoribosyl-N-formylglycinamide
C04377	1	0	5.83304654187836e-06	5,10-Methylenetetrahydromethanopterin
C04390	1	0	5.58456426437327e-06	N6-Acetyl-LL-2,6-diaminoheptanedioate
C04411	5	1998.06792668244	5.80939378975804e-06	(2R,3S)-3-Isopropylmalate
C04419	5	27	5.82774355597256e-06	Carboxybiotin-carboxyl-carrier_protein
C04421	2	0	5.74141801542145e-06	N-Succinyl-LL-2,6-diaminoheptanedioate
C04442	4	7215	5.86720175546677e-06	2-Dehydro-3-deoxy-6-phospho-D-gluconate
C04454	1	0	5.72970681090249e-06	5-Amino-6-(5'-phospho-D-ribitylamino)uracil
C04462	4	830.692618769585	5.74214331241279e-06	N-Succinyl-2-L-amino-6-oxoheptanedioate
C04488	2	0	5.84252069712957e-06	5-Methyl-5,6,7,8-tetrahydromethanopterin
C04494	2	1398	5.78961690104966e-06	Guanosine_3'-diphosphate_5'-triphosphate
C04501	2	0	5.59349811778788e-06	N-Acetyl-alpha-D-glucosamine_1-phosphate
C04556	2	0	5.66254622053352e-06	4-Amino-2-methyl-5-phosphomethylpyrimidine
C04574	2	8871.90952380952	5.65345454339874e-06	di-trans,poly-cis-Undecaprenyl_diphosphate
C04618	3	1456.2	5.76471876819489e-06	(3R)-3-Hydroxybutanoyl-[acyl-carrier_protein]
C04619	3	1456.2	5.76471876819489e-06	(3R)-3-Hydroxydecanoyl-[acyl-carrier_protein]
C04620	3	1456.2	5.76471876819489e-06	(3R)-3-Hydroxyoctanoyl-[acyl-carrier_protein]
C04631	3	5306	5.66152034467336e-06	UDP-N-acetyl-3-(1-carboxyvinyl)-D-glucosamine
C04633	3	1456.2	5.76471876819489e-06	(3R)-3-Hydroxypalmitoyl-[acyl-carrier_protein]
C04640	2	4917.44729486694	5.73753091094778e-06	2-(Formamido)-N1-(5'-phosphoribosyl)acetamidine
C04646	2	285.922960662526	5.80359474658603e-06	6-Thioinosine-5'-monophosphate
C04666	4	1732.70380602714	5.78606599586875e-06	D-erythro-1-(Imidazol-4-yl)glycerol_3-phosphate
C04675	1	0	5.82760770875948e-06	3-Hydroxy-3-(4-methylpent-3-en-1-yl)glutaryl-CoA
C04677	5	8820.29794888958	5.83263827727196e-06	1-(5'-Phosphoribosyl)-5-amino-4-imidazolecarboxamide
C04688	2	1456.2	5.76471876819489e-06	(3R)-3-Hydroxytetradecanoyl-[acyl-carrier_protein]
C04691	2	1398	5.81378448300921e-06	2-Dehydro-3-deoxy-D-arabino-heptonate_7-phosphate
C04702	2	12855.3009400942	5.73082323275739e-06	UDPMurAc(oyl-L-Ala-D-gamma-Glu-L-Lys-D-Ala-D-Ala)
C04732	2	3	5.73069186642903e-06	5-Amino-6-(1-D-ribitylamino)uracil
C04734	2	0	5.81452818011083e-06	1-(5'-Phosphoribosyl)-5-formamido-4-imidazolecarboxamide
C04751	2	1518	5.72380358195628e-06	1-(5-Phospho-D-ribosyl)-5-amino-4-imidazolecarboxylate
C04752	2	31.4472948669454	5.7292472342059e-06	2-Methyl-4-amino-5-hydroxymethylpyrimidine_diphosphate
C04778	3	8	5.45985640577653e-06	N1-(5-Phospho-alpha-D-ribosyl)-5,6-dimethylbenzimidazole
C04807	2	5	5.73338608048527e-06	2-Amino-7,8-dihydro-4-hydroxy-6-(diphosphooxymethyl)pteridine
C04823	2	3028	5.7943134607696e-06	1-(5'-Phosphoribosyl)-5-amino-4-(N-succinocarboxamide)-imidazole
C04851	2	1035	5.72000572000572e-06	MurAc(oyl-L-Ala-D-gamma-Glu-L-Lys-D-Ala-D-Ala)-diphospho-undecaprenol
C04874	1	0	5.66434239816928e-06	2-Amino-4-hydroxy-6-(D-erythro-1,2,3-trihydroxypropyl)-7,8-dihydropteridine
C04877	2	21521.6577291403	5.73108598348301e-06	UDP-N-acetylmuramoyl-L-alanyl-D-gamma-glutamyl-meso-2,6-diaminopimelate
C04882	2	12855.3009400942	5.73082323275739e-06	UDP-N-acetylmuramoyl-L-alanyl-D-glutamyl-6-carboxy-L-lysyl-D-alanyl-D-alanine
C04895	1	0	5.78954986249819e-06	7,8-Dihydroneopterin_3'-triphosphate
C04896	2	4537.18383557618	5.74333055739023e-06	5-(5-Phospho-D-ribosylaminoformimino)-1-(5-phosphoribosyl)-imidazole-4-carboxamide
C04916	3	4655.18383557619	5.77403876689628e-06	N-(5'-Phospho-D-1'-ribulosylformimino)-5-amino-1-(5''-phospho-D-ribosyl)-4-imidazolecarboxamide
C05100	1	0	6.92712182936975e-07	3-Ureidoisobutyrate
C05125	6	1372.62376793076	5.84463783701643e-06	2-(alpha-Hydroxyethyl)thiamine_diphosphate
C05130	1	0	5.84696162639085e-06	Imidazole-4-acetaldehyde
C05172	1	0	5.724917704308e-06	Selenophosphoric_acid
C05223	2	79.8571428571428	5.76471876819489e-06	Dodecanoyl-[acyl-carrier_protein]
C05269	1	0	5.8292382934322e-06	3-Oxohexanoyl-CoA
C05270	2	0	5.76784426820476e-06	Hexanoyl-CoA
C05271	2	0	5.76784426820476e-06	trans-Hex-2-enoyl-CoA
C05335	3	1957.64975983785	5.82801526940001e-06	L-Selenomethionine
C05336	1	0	5.7580800257962e-06	Selenomethionyl-tRNA(Met)
C05338	1	0	5.83325069561515e-06	4-Hydroxyphenylacetyl-CoA
C05345	11	48557.7307511016	5.83842736120599e-06	beta-D-Fructose_6-phosphate
C05378	5	4051.83230061474	5.83829101545396e-06	beta-D-Fructose_1,6-bisphosphate
C05382	3	714.047480297481	5.83359098360178e-06	Sedoheptulose_7-phosphate
C05402	1	0	5.71765096027948e-06	Melibiose
C05404	1	0	5.71765096027948e-06	D-Gal_alpha_1->6D-Gal_alpha_1->6D-Glucose
C05512	3	260.908628622045	5.76611484947557e-06	Deoxyinosine
C05519	2	0	5.8075719122592e-06	L-Allothreonine
C05527	4	0.153846153846154	5.86637569443222e-06	3-Sulfinylpyruvate
C05528	2	0	5.86637569443222e-06	3-Sulfopyruvate
C05576	4	372.562578225746	5.8370641901949e-06	3,4-Dihydroxyphenylethyleneglycol
C05577	4	372.562578225746	5.8370641901949e-06	3,4-Dihydroxymandelaldehyde
C05596	1	0	5.83325069561515e-06	p-Hydroxyphenylacetylglycine
C05634	1	0	5.84696162639085e-06	5-Hydroxyindoleacetaldehyde
C05635	1	0	5.84696162639085e-06	5-Hydroxyindoleacetate
C05665	1	0	5.84696162639085e-06	3-Aminopropanal
C05670	1	0	5.81189229401201e-06	3-Aminopropiononitrile
C05682	1	0	5.78613295376301e-06	Phosphonoacetate
C05684	1	0	5.74689523984667e-06	Selenite
C05698	2	6420.85179675573	5.86926792621156e-06	Selenohomocysteine
C05699	1	0	5.86066846784544e-06	L-Selenocystathionine
C05703	2	0	5.78225195584672e-06	Methaneselenol
C05711	1	0	5.81189229401201e-06	gamma-Glutamyl-beta-cyanoalanine
C05714	1	0	5.82014585285507e-06	alpha-Aminopropiononitrile
C05715	1	0	5.82014585285507e-06	gamma-Amino-gamma-cyanobutanoate
C05726	2	0	5.82482423592868e-06	S-Substituted_L-cysteine
C05729	3	838.858108109989	5.83318264278173e-06	R-S-Cysteinylglycine
C05744	4	22999.0909090909	5.83352292282832e-06	Acetoacetyl-[acp]
C05745	2	79.8571428571428	5.76471876819489e-06	Butyryl-[acp]
C05746	2	105.545454545455	5.76491816698662e-06	3-Oxohexanoyl-[acp]
C05747	2	1456.2	5.76471876819489e-06	(R)-3-Hydroxyhexanoyl-[acp]
C05748	2	854.125	5.69745380789325e-06	trans-Hex-2-enoyl-[acp]
C05749	2	79.8571428571428	5.76471876819489e-06	Hexanoyl-[acp]
C05750	3	105.545454545455	5.76491816698662e-06	3-Oxooctanoyl-[acp]
C05751	2	854.125	5.69745380789325e-06	trans-Oct-2-enoyl-[acp]
C05752	2	79.8571428571428	5.76471876819489e-06	Octanoyl-[acp]
C05753	3	105.545454545455	5.76491816698662e-06	3-Oxodecanoyl-[acp]
C05754	2	854.125	5.69745380789325e-06	trans-Dec-2-enoyl-[acp]
C05755	2	79.8571428571428	5.76471876819489e-06	Decanoyl-[acp]
C05756	2	105.545454545455	5.76491816698662e-06	3-Oxododecanoyl-[acp]
C05757	2	1456.2	5.76471876819489e-06	(R)-3-Hydroxydodecanoyl-[acp]
C05758	2	854.125	5.69745380789325e-06	trans-Dodec-2-enoyl-[acp]
C05759	2	105.545454545455	5.76491816698662e-06	3-Oxotetradecanoyl-[acp]
C05760	2	854.125	5.69745380789325e-06	trans-Tetradec-2-enoyl-[acp]
C05761	2	79.8571428571428	5.76471876819489e-06	Tetradecanoyl-[acp]
C05762	3	105.545454545455	5.76491816698662e-06	3-Oxohexadecanoyl-[acp]
C05763	2	854.125	5.69745380789325e-06	trans-Hexadec-2-enoyl-[acp]
C05764	2	79.8571428571428	5.76471876819489e-06	Hexadecanoyl-[acp]
C05773	1	0	7.02590098397743e-07	Cobyrinate
C05775	3	8	5.52397682139326e-06	alpha-Ribazole
C05778	3	6	6.92135882885072e-07	Sirohydrochlorin
C05807	1	0	6.91559584428015e-07	2-Polyprenylphenol
C05810	1	0	6.91559584428015e-07	2-Octaprenylphenol
C05811	1	0	6.91559584428015e-07	2-Octaprenyl-6-hydroxyphenol
C05823	1	0	5.85366995838041e-06	3-Mercaptolactate
C05840	2	2979.43675020464	5.83638284336899e-06	Iminoaspartate
C05841	1	0	5.7660483540815e-06	Nicotinate_D-ribonucleoside
C05844	1	0	5.81189229401201e-06	5-L-Glutamyl-taurine
C05892	1	0	5.68676178723549e-06	UDP-N-acetylmuramoyl-L-alanyl-gamma-D-glutamyl-L-lysine
C05893	1	0	5.65211247703829e-06	Undecaprenyl-diphospho-N-acetylmuramoyl-(N-acetylglucosamine)-L-alanyl-gamma-D-glutamyl-L-lysyl-D-alanyl-D-alanine
C05897	2	1035	5.72000572000572e-06	Undecaprenyl-diphospho-N-acetylmuramoyl-L-alanyl-D-glutamyl-meso-2,6-diaminopimeloyl-D-alanyl-D-alanine
C05898	1	0	5.65211247703829e-06	Undecaprenyl-diphospho-N-acetylmuramoyl-(N-acetylglucosamine)-L-alanyl-D-glutamyl-meso-2,6-diaminopimeloyl-D-alanyl-D-alanine
C05921	2	0	5.75668783208893e-06	Biotinyl-5'-AMP
C05922	2	0	5.78954986249819e-06	Formamidopyrimidine_nucleoside_triphosphate
C05923	2	0	5.78954986249819e-06	2,5-Diaminopyrimidine_nucleoside_triphosphate
C05936	1	0	5.84696162639085e-06	N4-Acetylaminobutanal
C05946	6	40036.4419130797	5.89105090457087e-06	D-4-Hydroxy-2-oxoglutarate
C05947	4	0.153846153846154	5.86637569443222e-06	L-erythro-4-Hydroxyglutamate
C05951	1	0	5.81189229401201e-06	Leukotriene_D4
C05979	1	0	6.91559584428015e-07	Propane-1-ol
C05980	1	0	5.62641715382062e-06	Cardiolipin
C05984	1	0	5.85366995838041e-06	2-Hydroxybutanoic_acid
C05985	1	0	5.84696162639085e-06	2-Propynal
C06002	1	0	5.84696162639085e-06	(S)-Methylmalonate_semialdehyde
C06006	2	1849.24242424244	5.84183807593221e-06	(S)-2-Aceto-2-hydroxybutanoate
C06007	3	1725.02337662338	5.79062266565524e-06	(R)-2,3-Dihydroxy-3-methylpentanoate
C06010	3	1849.24242424244	5.84183807593221e-06	(S)-2-Acetolactate
C06032	6	3287.41843085679	5.80939378975804e-06	D-erythro-3-Methylmalate
C06033	2	0	6.98533289651718e-07	Parapyruvate
C06035	2	0	6.98533289651718e-07	4-Methylene-2-oxoglutarate
C06055	1	0	5.78854447049289e-06	O-Phospho-4-hydroxy-L-threonine
C06056	1	0	5.78854447049289e-06	4-Hydroxy-L-threonine
C06112	2	0	5.80851644681432e-06	L-Glutamyl-tRNA(Gln)
C06114	1	0	5.81189229401201e-06	gamma-Glutamyl-beta-aminopropiononitrile
C06148	2	0	5.78954986249819e-06	2,5-Diamino-6-(5'-triphosphoryl-3',4'-trihydroxy-2'-oxopentyl)-amino-4-oxopyrimidine
C06156	2	0	5.59349811778788e-06	alpha-D-Glucosamine_1-phosphate
C06186	2	0	5.71810867837354e-06	Arbutin
C06187	3	767.566666666667	5.71830486570561e-06	Arbutin_6-phosphate
C06188	2	9.36666666666667	5.71823946843246e-06	Salicin_6-phosphate
C06250	6	3792	5.82808320171579e-06	Holo-[carboxylase]
C06311	3	0	6.91560540938655e-07	Galactitol_1-phosphate
C06319	2	0	7.02622679676428e-07	Precorrin_6Y
C06320	2	0	7.02622679676428e-07	Precorrin_6X
C06399	1	0	7.02590098397743e-07	Hydrogenobyrinate
C06406	1	0	7.02592072934678e-07	Precorrin_3B
C06407	2	27	7.02610831589102e-07	Precorrin_4
C06408	1	0	7.02590098397743e-07	Precorrin_8X
C06416	1	0	7.02607869629705e-07	Precorrin_5
C06481	2	1398	5.79565673484291e-06	L-Seryl-tRNA(Sec)
C06482	1	0	5.724917704308e-06	L-Selenocysteinyl-tRNA(Sec)
C06506	2	0	5.58743497622546e-06	Adenosyl_cobyrinate_a,c_diamide
C06507	3	14	5.65486120143181e-06	Adenosyl_cobyrinate_hexaamide
C06508	2	1414	5.6554368542198e-06	Adenosyl_cobinamide
C06509	3	1414	5.6554368542198e-06	Adenosyl_cobinamide_phosphate
C06510	2	1420	5.58918381148801e-06	Adenosine-GDP-cobinamide
C06611	4	372.562578225746	5.8370641901949e-06	trans-3-Chloro-2-propene-1-ol
C06612	4	372.562578225746	5.8370641901949e-06	cis-3-Chloro-2-propene-1-ol
C06613	6	10592.4663208919	5.87037047908093e-06	trans-3-Chloroallyl_aldehyde
C06614	2	0	5.84696162639085e-06	trans-3-Chloroacrylic_acid
C06615	2	0	5.84696162639085e-06	cis-3-Chloroacrylic_acid
C06714	1	0	6.98533289651718e-07	3-Hydroxypimeloyl-CoA
C06715	1	0	5.83325069561515e-06	3-Oxopimeloyl-CoA
C06723	1	0	6.98533289651718e-07	6-Carboxyhex-2-enoyl-CoA
C06754	2	0	5.84696162639085e-06	Chloroacetaldehyde
C06755	2	0	5.84696162639085e-06	Chloroacetic_acid
C06899	1	0	5.79975757013357e-06	Chloral_hydrate
C07086	1	0	5.82014585285507e-06	Phenylacetic_acid
C07118	1	0	5.83325069561515e-06	Benzoyl_acetyl-CoA
C07490	1	0	5.79975757013357e-06	Trichloroethanol
C07645	1	0	5.79975757013357e-06	Aldophosphamide
C07648	1	0	5.80346002286563e-06	Thioguanine
C09306	1	0	5.81047396036095e-06	Sulfur_dioxide
C09332	1	0	5.80029581508657e-06	Tetrahydrofolyl-[Glu](2)
C09814	1	0	5.82014585285507e-06	Benzonitrile
C11062	1	0	5.70206699928724e-06	4-Hydroxybutyryl-CoA
C11355	3	2834.15714285714	5.73851865879342e-06	4-Amino-4-deoxychorismate
C11434	4	19396.0904761905	5.78700354743317e-06	2-C-Methyl-D-erythritol_4-phosphate
C11435	4	16604.0904761905	5.71876268850472e-06	4-(Cytidine_5'-diphospho)-2-C-methyl-D-erythritol
C11436	4	13814.4238095238	5.65345454339874e-06	2-Phospho-4-(cytidine_5'-diphospho)-2-C-methyl-D-erythritol
C11437	4	22182.0904761905	5.85696129134283e-06	1-Deoxy-D-xylulose_5-phosphate
C11453	3	11081.0928571429	5.59462468460303e-06	2-C-Methyl-D-erythritol_2,4-cyclodiphosphate
C11538	1	0	6.92133008584526e-07	Cobalt-sirohydrochlorin
C11539	1	0	7.02592072934678e-07	Cobalt-precorrin_3
C11540	2	27	7.02610831589102e-07	Cobalt-precorrin_4
C11542	2	110	7.02633540774176e-07	Cobalt-precorrin_6
C11543	2	98	7.02630578623308e-07	Cobalt-dihydro-precorrin_6
C11545	2	54	7.02608856946729e-07	Cobalt-precorrin_8
C11811	2	10493.9095238095	5.54621941953268e-06	1-Hydroxy-2-methyl-2-butenyl_4-diphosphate
C11924	1	0	5.84696162639085e-06	Perillic_acid
C11929	1	0	6.98533289651718e-07	Perillyl-CoA
C11934	1	0	6.98533289651718e-07	2-Hydroxy-4-isopropenylcyclohexane-1-carboxyl-CoA
C11948	1	0	5.83325069561515e-06	2,6-Dimethyl-5-methylene-3-oxo-heptanoyl-CoA
C11949	1	0	5.83325069561515e-06	3-Isopropylbut-3-enoyl-CoA
C12147	2	6291	5.79109214206707e-06	L-Threonine_O-3-phosphate
C12214	1	0	5.83352292282832e-06	Aminofructose_6-phosphate
C12215	1	0	5.83352292282832e-06	Iminoerythrose_4-phosphate
C12739	1	0	5.71732406364525e-06	5'-Deoxy-5-fluorouridine
C13629	2	0	6.98533289651718e-07	1,2-Bis(4-hydroxyphenyl)-2-propanol
C13632	2	0	6.98533289651718e-07	4,4'-Dihydroxy-alpha-methylstilbene
C14086	1	0	6.98533289651718e-07	2-Hydroxy-3-methylbenzalpyruvate
C14087	1	0	6.98533289651718e-07	3-Methylsalicylaldehyde
C14089	2	0	5.8370641901949e-06	1-Hydroxymethylnaphthalene
C14090	2	0	5.8370641901949e-06	1-Naphthaldehyde
C14095	1	0	6.98533289651718e-07	2-Hydroxy-3-carboxybenzalpyruvate
C14096	1	0	6.98533289651718e-07	3-Formylsalicylic_acid
C14099	2	0	5.8370641901949e-06	2-Naphthaldehyde
C14107	1	0	6.98533289651718e-07	2-Hydroxy-4-hydroxymethylbenzalpyruvate
C14108	1	0	6.98533289651718e-07	4-Hydroxymethylsalicylaldehyde
C14145	1	0	5.76438646752633e-06	(3S)-3-Hydroxyadipyl-CoA
C14463	2	0	5.77097315920384e-06	(R)-3-Hydroxy-3-methyl-2-oxopentanoate
C14818	1	0	6.90410815147337e-07	Fe2+
C14819	1	0	6.90410815147337e-07	Fe3+
C15532	1	0	5.7520520445669e-06	N-Acetyl-L-citrulline
C15556	2	5592	5.8009014600869e-06	L-3,4-Dihydroxybutan-2-one_4-phosphate
C15667	1	0	5.65473329450417e-06	5-Carboxyamino-1-(5-phospho-D-ribosyl)imidazole
C15809	1	0	5.79767281413241e-06	Iminoglycine
C15810	2	0	5.72760649052367e-06	C15810
C15811	1	0	5.81527206750368e-06	[Enzyme]-cysteine
C15812	2	4208	5.81567790449494e-06	[Enzyme]-S-sulfanylcysteine
C15813	4	1062.5	5.74795229199598e-06	C15813
C15814	4	1062.5	5.74795229199598e-06	C15814
C15815	3	32	5.7980761983174e-06	C15815
C15972	3	838.744689378787	5.86197396111167e-06	Enzyme_N6-(lipoyl)lysine
C15973	2	0	5.85188869707698e-06	Enzyme_N6-(dihydrolipoyl)lysine
C15980	2	0	5.76784426820476e-06	(S)-2-Methylbutanoyl-CoA
C16074	1	0	5.82014585285507e-06	Phenylacetonitrile
C16186	2	0	6.90985199788006e-07	L-Ascorbate_6-phosphate
C16216	1	0	5.76385486613447e-06	3-Oxostearoyl-CoA
C16217	1	0	5.76385486613447e-06	3-Hydroxyoctadecanoyl-CoA
C16219	2	105.545454545455	5.76491816698662e-06	3-Oxostearoyl-[acp]
C16220	2	1456.2	5.76471876819489e-06	3-Hydroxyoctadecanoyl-[acp]
C16221	2	854.125	5.69745380789325e-06	(2E)-Octadecenoyl-[acp]
C16237	1	0	6.90984722327789e-07	Protein_N6-(lipoyl)lysine
C16238	2	0	6.90984722327789e-07	Lipoyl-AMP
C16242	2	90	7.02623667035076e-07	Cobalt-precorrin_5A
C16243	2	104	7.02630578623308e-07	Cobalt-precorrin_5B
C16244	2	80	7.02621692320556e-07	Cobalt-precorrin_7
C16255	3	0	5.8601189604149e-06	[Dihydrolipoyllysine-residue_acetyltransferase]_S-acetyldihydrolipoyllysine
C16272	2	0	5.77190582558455e-06	3-Hydroxy-5-oxohexanoate
C16273	3	5310.80750914586	5.83454400121358e-06	3-Hydroxy-5-oxohexanoyl-CoA
C16348	6	10592.4663208919	5.87037047908093e-06	cis-3-Chloroallyl_aldehyde
C16396	3	0	5.81439294830423e-06	2,4-Diamino-6-nitrotoluene
C16399	3	0	5.81439294830423e-06	2,4-Diamino-6-hydroxylaminotoluene
C16466	1	0	5.82760770875948e-06	7-Methyl-3-oxo-6-octenoyl-CoA
C16551	1	0	5.79975757013357e-06	Alcophosphamide
C16565	1	0	5.66511253746056e-06	Aminopropylcadaverine
C16586	1	0	5.79975757013357e-06	2-Phenyl-1,3-propanediol_monocarbamate
C16587	1	0	5.79975757013357e-06	3-Carbamoyl-2-phenylpropionaldehyde
C16595	1	0	5.79975757013357e-06	4-Hydroxy-5-phenyltetrahydro-1,3-oxazin-2-one
C16596	1	0	5.79975757013357e-06	5-Phenyl-1,3-oxazinane-2,4-dione
C16614	1	0	5.80346002286563e-06	6-Methylmercaptopurine
C16615	1	0	5.80346002286563e-06	6-Methylthiopurine_5'-monophosphate_ribonucleotide
C16618	2	412.190706653805	5.79223261606186e-06	6-Thioxanthine_5'-monophosphate
C16619	2	0	5.80359474658603e-06	6-Thioguanosine_monophosphate
C16630	1	0	6.92712182936975e-07	5,6-Dihydro-5-fluorouracil
C16631	1	0	6.92712182936975e-07	alpha-Fluoro-beta-ureidopropionic_acid
C16633	1	0	5.72458997624295e-06	5-Fluorouridine
C16634	1	0	5.72458997624295e-06	5-Fluorouridine_monophosphate
C16635	1	0	5.71732406364525e-06	5'-Deoxy-5-fluorocytidine
C16688	2	761	5.71771634409217e-06	Sucrose_6-phosphate
C16698	2	0	5.72747527162551e-06	N-Acetylmuramic_acid_6-phosphate
C17551	1	0	6.91559584428015e-07	2-Polyprenyl-6-hydroxyphenol
C17556	2	8291.90952380952	5.72013659686193e-06	di-trans,poly-cis-Undecaprenyl_phosphate
C18096	1	0	5.78325516300105e-06	D-Allulose_6-phosphate
C18239	2	0	5.78941579005263e-06	Precursor_Z
C18902	1	0	5.74689523984667e-06	Methylselenic_acid
C19673	1	0	5.76385486613447e-06	Malonyl-[acp]_methyl_ester
C20258	3	1953.50738123042	5.67250367294613e-06	(2S,4S)-4-Hydroxy-2,3,4,5-tetrahydrodipicolinate
C20372	2	105.545454545455	5.76491816698662e-06	3-Ketoglutaryl-[acp]_methyl_ester
C20373	2	1456.2	5.76471876819489e-06	3-Hydroxyglutaryl-[acp]_methyl_ester
C20374	1	0	5.69641524588576e-06	Enoylglutaryl-[acp]_methyl_ester
C20375	1	0	5.76385486613447e-06	Glutaryl-[acp]_methyl_ester
C20376	2	105.545454545455	5.76491816698662e-06	3-Ketopimeloyl-[acp]_methyl_ester
C20377	2	1456.2	5.76471876819489e-06	3-Hydroxypimeloyl-[acp]_methyl_ester
C20378	1	0	5.69641524588576e-06	Enoylpimeloyl-[acp]_methyl_ester
C20396	4	0	6.95601848631473e-07	Methylphosphonate
C20422	5	30	6.95607655023122e-07	alpha-D-Ribose_1-methylphosphonate_5-triphosphate
C20423	2	28	6.95606687284449e-07	alpha-D-Ribose_1-methylphosphonate_5-phosphate
C20440	2	18	6.95601848631473e-07	alpha-D-Ribose_1,2-cyclic_phosphate_5-phosphate
C20589	4	0	6.92136840990559e-07	D-Glucosaminate-6-phosphate
