KEGG_ID	Outdegree	Indegree	Betweenness	HBLC	Closeness	OCCI	Common_name
C00022	14	14	256311.258416179	9153.97351486353	5.9128563235042e-06	0.000155086848635236	Pyruvate
C00024	16	13	164888.084507913	5685.79601751424	5.90029678492828e-06	0.000146886016451234	Acetyl-CoA
C00118	8	8	137951.588448359	8621.97427802246	5.88876129906074e-06	0.000140056022408964	D-Glyceraldehyde_3-phosphate
C00101	9	10	72244.2077591232	3802.32672416438	5.87140449867013e-06	0.000130855796911803	Tetrahydrofolate
C05345	4	7	48557.7307511016	4414.33915919105	5.83842736120599e-06	0.000116225011622501	beta-D-Fructose_6-phosphate
C00105	5	7	47191.5783661645	3932.63153051371	5.78472716334334e-06	9.80969197567196e-05	UMP
C00025	9	7	46286.5683021771	2892.91051888607	5.88134965211817e-06	0.00013598041881969	L-Glutamate
C00026	11	8	44252.55241742	2329.08170618	5.89960059703958e-06	0.000146455770357352	2-Oxoglutarate
C00361	2	3	40457.7098779275	8091.54197558551	5.8627300388699e-06	0.000126678489992399	dGDP
C05946	3	3	40036.4419130797	6672.74031884662	5.89105090457087e-06	0.000141362736782584	D-4-Hydroxy-2-oxoglutarate
C00577	1	1	36527.2401753678	18263.6200876839	5.86740830707668e-06	0.000128899200824955	D-Glyceraldehyde
C00049	11	6	35945.6896224734	2114.45233073373	5.8803121269677e-06	0.000135427952329361	L-Aspartate
C00117	3	6	35451.509429312	3939.05660325689	5.84915041090282e-06	0.000120627261761158	D-Ribose_5-phosphate
C00097	5	7	34430.6433006768	2869.2202750564	5.88792915643639e-06	0.000139586823003908	L-Cysteine
C00014	3	9	33007.5478897444	2750.62899081203	5.88190314858275e-06	0.000136276914690651	Ammonia
C00044	11	5	24003.424034067	1500.21400212919	5.86176779193069e-06	0.000126230749810654	GTP
C00037	7	6	23038.9042498223	1772.22340383249	5.85874564255793e-06	0.000124843945068664	Glycine
C05744	1	3	22999.0909090909	5749.77272727273	5.83352292282832e-06	0.000114311842706904	Acetoacetyl-[acp]
C00119	5	5	22967.3953943402	2296.73953943402	5.83849553647016e-06	0.000116252034410602	5-Phospho-alpha-D-ribose_1-diphosphate
C00957	4	3	22845.9722815165	3263.71032593093	5.88100376972342e-06	0.000135795763172189	Mercaptopyruvate
C11437	2	2	22182.0904761905	5545.52261904762	5.85696129134283e-06	0.000124038700074423	1-Deoxy-D-xylulose_5-phosphate
C00064	7	4	21616.6189187735	1965.14717443396	5.87416366594806e-06	0.000132240148108966	L-Glutamine
C04877	1	1	21521.6577291403	10760.8288645701	5.73108598348301e-06	8.46596681341009e-05	UDP-N-acetylmuramoyl-L-alanyl-D-gamma-glutamyl-meso-2,6-diaminopimelate
C00036	4	4	20518.1287559094	2564.76609448867	5.88100376972342e-06	0.000135795763172189	Oxaloacetate
C00136	5	5	20154.0316040302	2015.40316040302	5.83890462149301e-06	0.000116414435389988	Butanoyl-CoA
C00015	4	3	20110.3034184472	2872.9004883496	5.81047396036095e-06	0.000106067034365719	UDP
C00155	1	3	19936.5775936626	4984.14439841566	5.87085297622892e-06	0.000130582397492818	L-Homocysteine
C00065	4	3	19932.8545840674	2847.55065486677	5.86775259207971e-06	0.000129065565307176	L-Serine
C00008	4	4	19688.9983396405	2461.12479245507	5.8632800361178e-06	0.000126935770500127	ADP
C00166	4	4	19468.3887262321	2433.54859077901	5.86919903040832e-06	0.000129769011160135	Phenylpyruvate
C11434	2	2	19396.0904761905	4849.02261904762	5.78700354743317e-06	9.8755678451511e-05	2-C-Methyl-D-erythritol_4-phosphate
C00229	1	1	19350	9675	5.83120980109743e-06	0.000113430127041742	Acyl-carrier_protein
C00010	1	2	19173	6391	5.83025787230569e-06	0.000113071008593397	CoA
C00332	4	2	18874.5577064371	3145.75961773952	5.83025787230569e-06	0.000113071008593397	Acetoacetyl-CoA
C00011	9	7	18643.464741122	1165.21654632012	5.87982807382712e-06	0.000135171668018383	CO2
C00020	4	4	18429.1670494344	2303.64588117931	5.82448496991654e-06	0.000110938540048813	AMP
C00668	2	5	17318.3099138505	2474.04427340721	5.7868026179495e-06	9.86971969996052e-05	alpha-D-Glucose_6-phosphate
C11435	2	2	16604.0904761905	4151.02261904762	5.71876268850472e-06	8.2047915982934e-05	4-(Cytidine_5'-diphospho)-2-C-methyl-D-erythritol
C00882	1	1	16397.8063225663	8198.90316128316	5.77750816073028e-06	9.60614793467819e-05	Dephospho-CoA
C00251	4	2	16320.1571428571	2720.02619047619	5.80002668012273e-06	0.000102690490860546	Chorismate
C01134	1	2	16279.8063225663	5426.60210752211	5.81926525956833e-06	0.000109075043630017	Pantetheine_4'-phosphate
C00692	1	1	16104.6577291403	8052.32886457017	5.78205135618015e-06	9.73330737784699e-05	UDP-N-acetylmuramoyl-L-alanyl-D-glutamate
C00073	3	2	16096.7497598379	3219.34995196758	5.82937421667784e-06	0.000112739571589628	L-Methionine
C00130	4	2	15554.3651121903	2592.39418536506	5.85627529178892e-06	0.000123731749566939	IMP
C00035	3	3	15400.3264213473	2566.72107022454	5.86286752850819e-06	0.000126742712294043	GDP
C00188	5	2	14304.0850006623	2043.44071438033	5.86080586080586e-06	0.000125786163522013	L-Threonine
C00144	1	4	13972.0411201592	2794.40822403184	5.82387439067714e-06	0.000110717449069973	GMP
C11436	2	2	13814.4238095238	3453.60595238095	5.65345454339874e-06	7.03828828828829e-05	2-Phospho-4-(cytidine_5'-diphospho)-2-C-methyl-D-erythritol
C04702	1	1	12855.3009400942	6427.6504700471	5.73082323275739e-06	8.46023688663283e-05	UDPMurAc(oyl-L-Ala-D-gamma-Glu-L-Lys-D-Ala-D-Ala)
C04882	1	1	12855.3009400942	6427.6504700471	5.73082323275739e-06	8.46023688663283e-05	UDP-N-acetylmuramoyl-L-alanyl-D-glutamyl-6-carboxy-L-lysyl-D-alanyl-D-alanine
C00365	3	3	12216.0520104122	2036.00866840203	5.82123002590447e-06	0.000109769484083425	dUMP
C03539	1	1	12212.9	6106.45	5.80103606504122e-06	0.000103007828594973	S-Ribosyl-L-homocysteine
C00672	1	1	11738.9771043564	5869.48855217818	5.79747114308739e-06	0.000101895251681272	2-Deoxy-D-ribose_1-phosphate
C00019	3	2	11326.9	2265.38	5.76060094589068e-06	9.15918666422422e-05	S-Adenosyl-L-methionine
C00237	7	7	11172.5516735734	798.039405255243	5.8441596390647e-06	0.000118539592223803	CO
C11453	2	1	11081.0928571429	3693.69761904762	5.59462468460303e-06	6.2235499128703e-05	2-C-Methyl-D-erythritol_2,4-cyclodiphosphate
C00109	3	3	11065.5925345061	1844.26542241768	5.88072709309779e-06	0.000135648399348888	2-Oxobutanoate
C00352	2	3	10793.8953139626	2158.77906279252	5.81926525956833e-06	0.000109075043630017	D-Glucosamine_6-phosphate
C06613	3	3	10592.4663208919	1765.41105348199	5.87037047908093e-06	0.000130344108446298	trans-3-Chloroallyl_aldehyde
C16348	3	3	10592.4663208919	1765.41105348199	5.87037047908093e-06	0.000130344108446298	cis-3-Chloroallyl_aldehyde
C11811	1	1	10493.9095238095	5246.95476190476	5.54621941953268e-06	5.67279328341275e-05	1-Hydroxy-2-methyl-2-butenyl_4-diphosphate
C01209	3	1	10484	2621	5.8325702387271e-06	0.000113947128532361	Malonyl-[acyl-carrier_protein]
C00864	1	1	10477.6468758952	5238.82343794758	5.78827642492895e-06	9.91276764472641e-05	Pantothenate
C00083	1	5	10366	1727.66666666667	5.82984999795955e-06	0.000112917795844625	Malonyl-CoA
C00112	3	2	10354.8305626574	2070.96611253147	5.81040643793033e-06	0.000106044538706257	CDP
C00131	8	8	10186.9059133617	636.681619585106	5.85408117268954e-06	0.000122759636631476	dATP
C00448	3	1	10154.9095238095	2538.72738095238	5.58824679933165e-06	6.14552605703048e-05	trans,trans-Farnesyl_diphosphate
C00141	2	2	10136.229004329	2534.05725108225	5.82964608218635e-06	0.000112841345068833	3-Methyl-2-oxobutanoic_acid
C00103	3	4	9985.33333333334	1426.47619047619	5.78278695634574e-06	9.75419430355053e-05	D-Glucose_1-phosphate
C00077	2	2	9980.78939191282	2495.19734797821	5.81263550706526e-06	0.000106791969243913	L-Ornithine
C00085	3	2	9961.77434936676	1992.35486987335	5.8449111281263e-06	0.000118849536486808	D-Fructose_6-phosphate
C00079	4	4	8897.13872623206	1112.14234077901	5.8693368236323e-06	0.000129836406128278	L-Phenylalanine
C04574	1	1	8871.90952380952	4435.95476190476	5.65345454339874e-06	7.03828828828829e-05	di-trans,poly-cis-Undecaprenyl_diphosphate
C04677	2	3	8820.29794888958	1764.05958977792	5.83263827727196e-06	0.000113973102347846	1-(5'-Phosphoribosyl)-5-amino-4-imidazolecarboxamide
C00475	3	2	8752.76819860521	1750.55363972104	5.75350820162594e-06	8.98311174991017e-05	Cytidine
C01269	2	2	8646	2161.5	5.72990379491528e-06	8.44024307900067e-05	5-O-(1-Carboxyvinyl)-3-phosphoshikimate
C00074	3	3	8635.91642974053	1439.31940495675	5.86727060438754e-06	0.000128832775057975	Phosphoenolpyruvate
C00095	4	2	8580.91417943768	1430.15236323961	5.78285383836923e-06	9.75609756097561e-05	D-Fructose
C00217	2	2	8377.33834929537	2094.33458732384	5.84327176472651e-06	0.000118175372252423	D-Glutamate
C01212	2	1	8303	2767.66666666667	5.77744140230058e-06	9.60430272762197e-05	UDP-N-acetylmuramoyl-L-alanine
C17556	1	1	8291.90952380952	4145.95476190476	5.72013659686193e-06	8.23316318129425e-05	di-trans,poly-cis-Undecaprenyl_phosphate
C00170	2	2	8254	2063.5	5.73253154325482e-06	8.49762066621346e-05	5'-Methylthioadenosine
C00705	1	3	8138.75623680099	2034.68905920025	5.80993382485373e-06	0.000105887335874629	dCDP
C00231	2	4	8039.3373560816	1339.88955934693	5.83720047865044e-06	0.000115740740740741	D-Xylulose_5-phosphate
C00148	3	3	8025	1337.5	5.7431326491348e-06	8.73667656823344e-05	L-Proline
C00111	4	4	8019.88145229681	1002.4851815371	5.8512723591745e-06	0.000121536217792902	Glycerone_phosphate
C00147	3	4	7903.10998010432	1129.01571144347	5.81926525956833e-06	0.000109075043630017	Adenine
C00239	2	2	7767.30463655988	1941.82615913997	5.78887956236071e-06	9.9304865938431e-05	dCMP
C00099	2	2	7675.59406204234	1918.89851551058	5.84826101958583e-06	0.00012025012025012	beta-Alanine
C00082	5	3	7405.17238374607	925.646547968259	5.86899235270296e-06	0.000129668049792531	L-Tyrosine
C03082	1	2	7289.50738123036	2429.83579374345	5.80885385504586e-06	0.000105529759392149	4-Phospho-L-aspartate
C00197	5	5	7258.95227729173	725.895227729173	5.82631747603927e-06	0.000111607142857143	3-Phospho-D-glycerate
C00041	3	1	7222.86795366054	1805.71698841514	5.81486628714973e-06	0.000107550010755001	L-Alanine
C04442	2	2	7215	1803.75	5.86720175546677e-06	0.000128799587841319	2-Dehydro-3-deoxy-6-phospho-D-gluconate
C00267	2	2	7153.60106386653	1788.40026596663	5.73279445065497e-06	8.50340136054422e-05	alpha-D-Glucose
C01094	2	3	7044.59943171144	1408.91988634229	5.8329104473259e-06	0.000114077116130504	D-Fructose_1-phosphate
C01050	1	2	6807	2269	5.71301252863647e-06	8.08799741184083e-05	UDP-N-acetylmuramate
C00624	1	1	6743.99261876963	3371.99630938482	5.81087912790326e-06	0.000106202209005947	N-Acetyl-L-glutamate
C01172	1	5	6691.63670823114	1115.27278470519	5.77203908824871e-06	9.45715906941555e-05	beta-D-Glucose_6-phosphate
C00440	5	4	6661.28447307075	740.142719230083	5.8470983774302e-06	0.000119760479041916	5-Methyltetrahydrofolate
C03722	1	1	6442.65787545788	3221.32893772894	5.80548153566598e-06	0.000104427736006683	Quinolinate
C05698	1	1	6420.85179675573	3210.42589837786	5.86926792621156e-06	0.000129802699896158	Selenohomocysteine
C04376	1	1	6295.44729486694	3147.72364743347	5.80669511947275e-06	0.00010482180293501	5'-Phosphoribosyl-N-formylglycinamide
C12147	1	1	6291	3145.5	5.79109214206707e-06	9.99600159936026e-05	L-Threonine_O-3-phosphate
C00441	3	2	6111.50738123038	1222.30147624608	5.7393091019703e-06	8.64902266043937e-05	L-Aspartate_4-semialdehyde
C00299	2	2	6110.2994503747	1527.57486259368	5.75350820162594e-06	8.98311174991017e-05	Uridine
C00286	7	2	5935.29515144477	659.477239049419	5.85408117268954e-06	0.000122759636631476	dGTP
C01137	1	2	5873.5	1957.83333333333	5.69284807496342e-06	7.70178681454097e-05	S-Adenosylmethioninamine
C00048	2	2	5841	1460.25	5.86727060438754e-06	0.000128832775057975	Glyoxylate
C03939	2	1	5797	1932.33333333333	5.83243416639935e-06	0.000113895216400911	Acetyl-[acyl-carrier_protein]
C03175	2	2	5780	1445	5.66119983469297e-06	7.16024631247315e-05	Shikimate_3-phosphate
C00084	2	5	5696.32915018447	813.761307169211	5.87092191086766e-06	0.000130616509926855	Acetaldehyde
C00094	4	4	5683.05326146629	710.381657683286	5.85387555831338e-06	0.000122669283611384	Sulfite
C15556	1	1	5592	2796	5.8009014600869e-06	0.000102965403624382	L-3,4-Dihydroxybutan-2-one_4-phosphate
C00149	3	2	5577.20170859514	1115.44034171903	5.84915041090282e-06	0.000120627261761158	(S)-Malate
C00279	2	3	5499.06674281308	1099.81334856262	5.8544924447775e-06	0.000122940742562085	D-Erythrose_4-phosphate
C00122	2	3	5400.20170859513	1080.04034171903	5.81256793438773e-06	0.000106769165065129	Fumarate
C00673	1	2	5392.98285938245	1797.66095312748	5.83379517545139e-06	0.00011441647597254	2-Deoxy-D-ribose_5-phosphate
C04133	1	2	5386.49261876961	1795.49753958987	5.74049517511381e-06	8.67603678639597e-05	N-Acetyl-L-glutamate_5-phosphate
C16273	1	2	5310.80750914586	1770.26916971529	5.83454400121358e-06	0.000114705207616426	3-Hydroxy-5-oxohexanoyl-CoA
C04631	2	1	5306	1768.66666666667	5.66152034467336e-06	7.16537689882488e-05	UDP-N-acetyl-3-(1-carboxyvinyl)-D-glucosamine
C01179	4	4	5242.10301194634	655.262876493293	5.86768373184685e-06	0.000129032258064516	3-(4-Hydroxyphenyl)pyruvate
C00133	3	1	5230.94415104806	1307.73603776202	5.75516382073816e-06	9.02364194188775e-05	D-Alanine
C00206	1	4	5171.44782922732	1034.28956584546	5.86307377505731e-06	0.000126839167935058	dADP
C01185	2	1	5058.65787545787	1686.21929181929	5.75675411176162e-06	9.06289650172195e-05	Nicotinate_D-ribonucleotide
C01103	2	1	5037.02624659085	1679.00874886362	5.78867850258464e-06	9.92457324335054e-05	Orotidine_5'-phosphate
C02739	3	2	4976.68383557619	995.336767115238	5.77137283645661e-06	9.43930526713234e-05	1-(5-Phospho-D-ribosyl)-ATP
C00068	4	4	4963.62376793075	620.452970991344	5.84484280295281e-06	0.000118821292775665	Thiamin_diphosphate
C00129	1	2	4961.45476190476	1653.81825396825	5.5259304285359e-06	5.46746856205577e-05	Isopentenyl_diphosphate
C00235	1	2	4961.45476190476	1653.81825396825	5.5259304285359e-06	5.46746856205577e-05	Dimethylallyl_diphosphate
C04640	1	1	4917.44729486694	2458.72364743347	5.73753091094778e-06	8.60881542699725e-05	2-(Formamido)-N1-(5'-phosphoribosyl)acetamidine
C04122	1	1	4907	2453.5	5.72275539226627e-06	8.28775070445881e-05	D-1-Aminopropan-2-ol_O-phosphate
C01100	2	1	4879	1626.33333333333	5.80022852900404e-06	0.00010275380189067	L-Histidinol_phosphate
C00242	4	3	4835.98310940653	690.854729915219	5.81940071811405e-06	0.000109122653862942	Guanine
C00164	1	4	4752.09523809524	950.419047619048	5.82937421667784e-06	0.000112739571589628	Acetoacetate
C00877	3	3	4659.81383077401	776.635638462335	5.7722389937833e-06	9.46252838758516e-05	Crotonoyl-CoA
C04916	2	1	4655.18383557619	1551.72794519206	5.77403876689628e-06	9.51112801978315e-05	N-(5'-Phospho-D-1'-ribulosylformimino)-5-amino-1-(5''-phospho-D-ribosyl)-4-imidazolecarboxamide
C00680	3	2	4570	914	5.72066016418295e-06	8.24402308326463e-05	meso-2,6-Diaminoheptanedioate
C01267	2	2	4553.06332983667	1138.26583245917	5.8074370038271e-06	0.000105064089094348	3-(Imidazol-4-yl)-2-oxopropyl_phosphate
C04896	1	1	4537.18383557618	2268.59191778809	5.74333055739023e-06	8.74125874125874e-05	5-(5-Phospho-D-ribosylaminoformimino)-1-(5-phosphoribosyl)-imidazole-4-carboxamide
C00606	3	2	4434.99969878856	886.999939757712	5.86878568955297e-06	0.000129567245400363	3-Sulfino-L-alanine
C00134	2	2	4410	1102.5	5.66562608000997e-06	7.23170378941279e-05	Putrescine
C00357	2	3	4402	880.4	5.75483262069323e-06	9.01550667147494e-05	N-Acetyl-D-glucosamine_6-phosphate
C00204	3	3	4342	723.666666666667	5.79505218444492e-06	0.000101153145862836	2-Dehydro-3-deoxy-D-gluconate
C00311	2	2	4341	1085.25	5.82665695557174e-06	0.000111731843575419	Isocitrate
C00002	7	1	4271.08440424619	533.885550530773	5.85394409483389e-06	0.000122699386503067	ATP
C04332	1	1	4211	2105.5	5.73069186642903e-06	8.4573748308525e-05	6,7-Dimethyl-8-(D-ribityl)lumazine
C15812	1	1	4208	2104	5.81567790449494e-06	0.000107828337287039	[Enzyme]-S-sulfanylcysteine
C02051	2	1	4187.56951637419	1395.85650545806	5.843613222928e-06	0.000118315191670611	Lipoylprotein
C02430	1	1	4120.85669405171	2060.42834702585	5.8014399173875e-06	0.000103135313531353	L-Methionyl-tRNA
C01250	2	2	4077.99261876958	1019.49815469239	5.74161580551999e-06	8.70170553428472e-05	N-Acetyl-L-glutamate_5-semialdehyde
C05378	2	3	4051.83230061474	810.366460122947	5.83829101545396e-06	0.000116171003717472	beta-D-Fructose_1,6-bisphosphate
C00385	3	5	4018.56570121016	502.32071265127	5.81845264070473e-06	0.000108790252393386	Xanthine
C00043	4	3	3848	549.714285714286	5.66100754612306e-06	7.1571714858288e-05	UDP-N-acetyl-alpha-D-glucosamine
C06250	1	5	3792	632	5.82808320171579e-06	0.000112258643915581	Holo-[carboxylase]
C00275	1	4	3790	758	5.76724550587394e-06	9.33009889904833e-05	D-Mannose_6-phosphate
C00055	2	2	3668.85767396504	917.214418491261	5.76571590011474e-06	9.29022668153103e-05	CMP
C00295	2	2	3629.7	907.425	5.77904403053647e-06	9.6487842531841e-05	Orotate
C03090	2	1	3609.04135349606	1203.01378449869	5.82455281995725e-06	0.000110963160230803	5-Phosphoribosylamine
C00199	2	2	3562.09093981593	890.522734953982	5.81804641637431e-06	0.000108648413733159	D-Ribulose_5-phosphate
C00631	3	3	3536.63006786251	589.438344643752	5.8014399173875e-06	0.000103135313531353	2-Phospho-D-glycerate
C03373	1	1	3531.44729486694	1765.72364743347	5.67591651861984e-06	7.40302043233639e-05	Aminoimidazole_ribotide
C00860	1	1	3495	1747.5	5.72996945926278e-06	8.44166807361134e-05	L-Histidinol
C00021	2	1	3446.4	1148.8	5.73259726784414e-06	8.49906510283869e-05	S-Adenosyl-L-homocysteine
C00058	2	2	3425.67375389639	856.418438474098	5.86968133500032e-06	0.000130005200208008	Formate
C03838	1	1	3386.0791871892	1693.0395935946	5.82007810544818e-06	0.000109361329833771	5'-Phosphoribosylglycinamide
C00236	2	2	3344.27155463456	836.067888658641	5.81655741232994e-06	0.000108131487889273	3-Phospho-D-glyceroyl_phosphate
C06032	3	3	3287.41843085679	547.903071809464	5.80939378975804e-06	0.000105708245243129	D-erythro-3-Methylmalate
C00993	1	1	3254.94415104807	1627.47207552403	5.71810867837354e-06	8.1913499344692e-05	D-Alanyl-D-alanine
C00262	1	3	3199.42149959661	799.855374899152	5.81831722629181e-06	0.000108742931709439	Hypoxanthine
C00342	3	1	3080.43247160034	770.108117900085	5.8120949696318e-06	0.000106609808102345	Thioredoxin
C00093	5	2	3064.86007887865	437.837154125521	5.84579950076872e-06	0.000119217930376729	sn-Glycerol_3-phosphate
C04823	1	1	3028	1514	5.7943134607696e-06	0.000100928542591845	1-(5'-Phosphoribosyl)-5-amino-4-(N-succinocarboxamide)-imidazole
C05840	1	1	2979.43675020464	1489.71837510232	5.83638284336899e-06	0.000115420129270545	Iminoaspartate
C00522	2	1	2970.55281385281	990.184271284271	5.7793112216886e-06	9.65623792970259e-05	(R)-Pantoate
C00493	2	2	2898	724.5	5.59387358964462e-06	6.2142679592344e-05	Shikimate
C00966	1	2	2852.55281385281	950.850937950938	5.76544996454248e-06	9.28332714444857e-05	2-Dehydropantoate
C11355	1	2	2834.15714285714	944.719047619048	5.73851865879342e-06	8.63110650785431e-05	4-Amino-4-deoxychorismate
C00234	4	3	2818.99180279831	402.713114685473	5.83563354555587e-06	0.000115127791848952	10-Formyltetrahydrofolate
C00106	2	4	2745.82505930548	457.637509884246	5.78727147511763e-06	9.8833761612967e-05	Uracil
C00227	2	2	2693.26926641612	673.31731660403	5.83529301923896e-06	0.000114995400183993	Acetyl_phosphate
C00526	2	1	2664.26383764258	888.087945880861	5.78058071713884e-06	9.69180073657686e-05	Deoxyuridine
C02504	3	1	2603.11638092499	650.779095231247	5.82896646595592e-06	0.00011258725512272	alpha-Isopropylmalate
C00354	2	2	2578.5650108956	644.6412527239	5.83795017893317e-06	0.000116036203295428	D-Fructose_1,6-bisphosphate
C01096	1	3	2537.47641629192	634.369104072981	5.76717898439978e-06	9.32835820895522e-05	Sorbitol_6-phosphate
C00343	1	3	2437.88964597633	609.472411494083	5.8120949696318e-06	0.000106609808102345	Thioredoxin_disulfide
C03794	2	2	2303.47887652053	575.869719130133	5.82815113561525e-06	0.000112283853581855	N6-(1,2-Dicarboxyethyl)-AMP
C00644	1	2	2274	758	5.76697942918438e-06	9.3231400335633e-05	D-Mannitol_1-phosphate
C01346	1	3	2232.72469928454	558.181174821134	5.80568376440535e-06	0.000104493207941484	dUDP
C00655	3	3	2207.43682980767	367.906138301278	5.80372947656164e-06	0.00010386373078521	Xanthosine_5'-phosphate
C00763	2	1	2199	733	5.67398421497591e-06	7.37028301886792e-05	D-Proline
C03785	1	2	2148.01664217284	716.005547390948	5.82529927475024e-06	0.000111234705228031	D-Tagatose_1,6-bisphosphate
C02336	1	1	2145.04835204156	1072.52417602078	5.77183919655998e-06	9.45179584120983e-05	beta-D-Fructose
C01279	1	1	2137.44729486695	1068.72364743347	5.66941633358846e-06	7.29394602479942e-05	4-Amino-5-hydroxymethyl-2-methylpyrimidine
C00255	1	1	2112	1056	5.66190500455783e-06	7.17154331612163e-05	Riboflavin
C00143	2	2	2109.34329855034	527.335824637584	5.84826101958583e-06	0.00012025012025012	5,10-Methylenetetrahydrofolate
C01304	1	1	2097	1048.5	5.80056497502857e-06	0.00010285949393129	2,5-Diamino-6-(5-phospho-D-ribosylamino)pyrimidin-4(3H)-one
C00152	3	1	2090	522.5	5.80777428666012e-06	0.0001051745898191	L-Asparagine
C00559	2	1	2079	693	5.76611484947557e-06	9.30059523809524e-05	Deoxyadenosine
C00033	1	4	2051.79556830578	410.359113661157	5.85847105622375e-06	0.000124719381391868	Acetate
C04411	3	2	1998.06792668244	399.613585336489	5.80939378975804e-06	0.000105708245243129	(2R,3S)-3-Isopropylmalate
C01144	2	3	1980.38076082721	396.076152165441	5.83440783677661e-06	0.000114652602614079	(S)-3-Hydroxybutanoyl-CoA
C05335	2	1	1957.64975983785	652.54991994595	5.82801526940001e-06	0.000112233445566779	L-Selenomethionine
C20258	1	2	1953.50738123042	651.169127076806	5.67250367294613e-06	7.34537975613339e-05	(2S,4S)-4-Hydroxy-2,3,4,5-tetrahydrodipicolinate
C02876	1	2	1945.53374462157	648.511248207191	5.83529301923896e-06	0.000114995400183993	Propanoyl_phosphate
C00900	1	1	1849.24242424244	924.621212121221	5.84183807593221e-06	0.000117591721542803	2-Acetolactate
C06006	1	1	1849.24242424244	924.621212121221	5.84183807593221e-06	0.000117591721542803	(S)-2-Aceto-2-hydroxybutanoate
C06010	2	1	1849.24242424244	616.414141414147	5.84183807593221e-06	0.000117591721542803	(S)-2-Acetolactate
C00258	2	2	1828.24222587586	457.060556468964	5.8478506225037e-06	0.000120076849183477	D-Glycerate
C00046	5	4	1815.20736783753	201.689707537503	5.80527932101453e-06	0.00010436234606554	RNA
C04666	1	3	1732.70380602714	433.175951506785	5.78606599586875e-06	9.84833563127831e-05	D-erythro-1-(Imidazol-4-yl)glycerol_3-phosphate
C04039	1	1	1725.02337662338	862.511688311692	5.79062266565524e-06	9.98203234178479e-05	2,3-Dihydroxy-3-methylbutanoate
C04272	2	1	1725.02337662338	575.007792207795	5.79062266565524e-06	9.98203234178479e-05	(R)-2,3-Dihydroxy-3-methylbutanoate
C06007	2	1	1725.02337662338	575.007792207795	5.79062266565524e-06	9.98203234178479e-05	(R)-2,3-Dihydroxy-3-methylpentanoate
C00029	5	2	1641	234.428571428571	5.71340421763499e-06	8.09585492227979e-05	UDP-glucose
C00666	1	2	1530	510	5.65192080528568e-06	7.01459034792368e-05	LL-2,6-Diaminoheptanedioate
C00246	3	3	1529.17180362681	254.861967271135	5.77203908824871e-06	9.45715906941555e-05	Butanoic_acid
C00120	2	1	1518	506	5.75682039296056e-06	9.06453952139231e-05	Biotin
C04751	1	1	1518	759	5.72380358195628e-06	8.30978893136114e-05	1-(5-Phospho-D-ribosyl)-5-amino-4-imidazolecarboxylate
C00179	1	1	1516	758	5.59844587142609e-06	6.27116518249091e-05	Agmatine
C00181	1	1	1514	757	5.72000572000572e-06	8.23045267489712e-05	D-Xylose
C00160	1	2	1512	504	5.79511935048302e-06	0.000101173613921489	Glycolate
C00232	1	2	1512	504	5.77657368308561e-06	9.58037938302357e-05	Succinate_semialdehyde
C00445	1	2	1512	504	5.80608826415379e-06	0.000104624398409709	5,10-Methenyltetrahydrofolate
C00263	2	2	1482	370.5	5.6701235519922e-06	7.30566919929866e-05	L-Homoserine
C04618	2	1	1456.2	485.4	5.76471876819489e-06	9.26440615156568e-05	(3R)-3-Hydroxybutanoyl-[acyl-carrier_protein]
C04619	2	1	1456.2	485.4	5.76471876819489e-06	9.26440615156568e-05	(3R)-3-Hydroxydecanoyl-[acyl-carrier_protein]
C04620	2	1	1456.2	485.4	5.76471876819489e-06	9.26440615156568e-05	(3R)-3-Hydroxyoctanoyl-[acyl-carrier_protein]
C04633	2	1	1456.2	485.4	5.76471876819489e-06	9.26440615156568e-05	(3R)-3-Hydroxypalmitoyl-[acyl-carrier_protein]
C04688	1	1	1456.2	728.1	5.76471876819489e-06	9.26440615156568e-05	(3R)-3-Hydroxytetradecanoyl-[acyl-carrier_protein]
C05747	1	1	1456.2	728.1	5.76471876819489e-06	9.26440615156568e-05	(R)-3-Hydroxyhexanoyl-[acp]
C05757	1	1	1456.2	728.1	5.76471876819489e-06	9.26440615156568e-05	(R)-3-Hydroxydodecanoyl-[acp]
C16220	1	1	1456.2	728.1	5.76471876819489e-06	9.26440615156568e-05	3-Hydroxyoctadecanoyl-[acp]
C20373	1	1	1456.2	728.1	5.76471876819489e-06	9.26440615156568e-05	3-Hydroxyglutaryl-[acp]_methyl_ester
C20377	1	1	1456.2	728.1	5.76471876819489e-06	9.26440615156568e-05	3-Hydroxypimeloyl-[acp]_methyl_ester
C00568	1	1	1444.15714285714	722.078571428571	5.73917734631918e-06	8.64603147155456e-05	4-Aminobenzoate
C06510	1	1	1420	710	5.58918381148801e-06	6.156877231868e-05	Adenosine-GDP-cobinamide
C00003	1	2	1414	471.333333333333	5.68740864599862e-06	7.60340632603406e-05	NAD+
C06508	1	1	1414	707	5.6554368542198e-06	7.06913615156228e-05	Adenosyl_cobinamide
C06509	1	2	1414	471.333333333333	5.6554368542198e-06	7.06913615156228e-05	Adenosyl_cobinamide_phosphate
C04327	1	2	1408.55270513305	469.517568377685	5.79854688415083e-06	0.000102228583111838	4-Methyl-5-(2-phosphoethyl)-thiazole
C00135	1	1	1404	702	5.66107164086161e-06	7.15819613457409e-05	L-Histidine
C04494	1	1	1398	699	5.78961690104966e-06	9.95222929936306e-05	Guanosine_3'-diphosphate_5'-triphosphate
C04691	1	1	1398	699	5.81378448300921e-06	0.000107181136120043	2-Dehydro-3-deoxy-D-arabino-heptonate_7-phosphate
C06481	1	1	1398	699	5.79565673484291e-06	0.000101337657073368	L-Seryl-tRNA(Sec)
C05125	3	3	1372.62376793076	228.770627988459	5.84463783701643e-06	0.000118736642127761	2-(alpha-Hydroxyethyl)thiamine_diphosphate
C00310	1	1	1338.93109681388	669.465548406941	5.77044034230252e-06	9.41442289587648e-05	D-Xylulose
C00283	4	3	1291.9118670105	184.558838144357	5.82577439106093e-06	0.000111408199643494	Hydrogen_sulfide
C00498	2	2	1197.5	299.375	5.71255562601041e-06	8.07884957182097e-05	ADP-glucose
C00294	2	1	1184.09137137796	394.697123792652	5.76618134640334e-06	9.30232558139535e-05	Inosine
C00369	2	1	1167.5	389.166666666667	5.71255562601041e-06	8.07884957182097e-05	Starch
C00437	3	1	1158	289.5	5.81168963252686e-06	0.000106473594548552	N-Acetylornithine
C15813	2	2	1062.5	265.625	5.74795229199598e-06	8.84955752212389e-05	C15813
C15814	2	2	1062.5	265.625	5.74795229199598e-06	8.84955752212389e-05	C15814
C00334	1	2	1036.5	345.5	5.8473035159836e-06	0.000119846596356663	4-Aminobutanoate
C04851	1	1	1035	517.5	5.72000572000572e-06	8.23045267489712e-05	MurAc(oyl-L-Ala-D-gamma-Glu-L-Lys-D-Ala-D-Ala)-diphospho-undecaprenol
C05897	1	1	1035	517.5	5.72000572000572e-06	8.23045267489712e-05	Undecaprenyl-diphospho-N-acetylmuramoyl-L-alanyl-D-glutamyl-meso-2,6-diaminopimeloyl-D-alanyl-D-alanine
C00091	4	5	1014.4727137957	112.719190421745	5.83631471743482e-06	0.000115393491807062	Succinyl-CoA
C00169	2	3	917.595283384151	183.51905667683	5.83168588207165e-06	0.000113610543058396	Carbamoyl_phosphate
C04246	1	1	854.125	427.0625	5.69745380789325e-06	7.78694907335306e-05	But-2-enoyl-[acyl-carrier_protein]
C05748	1	1	854.125	427.0625	5.69745380789325e-06	7.78694907335306e-05	trans-Hex-2-enoyl-[acp]
C05751	1	1	854.125	427.0625	5.69745380789325e-06	7.78694907335306e-05	trans-Oct-2-enoyl-[acp]
C05754	1	1	854.125	427.0625	5.69745380789325e-06	7.78694907335306e-05	trans-Dec-2-enoyl-[acp]
C05758	1	1	854.125	427.0625	5.69745380789325e-06	7.78694907335306e-05	trans-Dodec-2-enoyl-[acp]
C05760	1	1	854.125	427.0625	5.69745380789325e-06	7.78694907335306e-05	trans-Tetradec-2-enoyl-[acp]
C05763	1	1	854.125	427.0625	5.69745380789325e-06	7.78694907335306e-05	trans-Hexadec-2-enoyl-[acp]
C16221	1	1	854.125	427.0625	5.69745380789325e-06	7.78694907335306e-05	(2E)-Octadecenoyl-[acp]
C01419	2	1	838.858108109989	279.619369369996	5.83318264278173e-06	0.000114181319936058	Cys-Gly
C05729	2	1	838.858108109989	279.619369369996	5.83318264278173e-06	0.000114181319936058	R-S-Cysteinylglycine
C15972	2	1	838.744689378787	279.581563126262	5.86197396111167e-06	0.000126326427488631	Enzyme_N6-(lipoyl)lysine
C04462	2	2	830.692618769585	207.673154692396	5.74214331241279e-06	8.71383757406762e-05	N-Succinyl-2-L-amino-6-oxoheptanedioate
C00189	3	1	795.13992112135	198.784980280337	5.80352738394396e-06	0.000103799045048786	Ethanolamine
C06187	1	2	767.566666666667	255.855555555556	5.71830486570561e-06	8.1953778069169e-05	Arbutin_6-phosphate
C00337	2	1	763.7	254.566666666667	5.76564941392174e-06	9.28850083596507e-05	(S)-Dihydroorotate
C16688	1	1	761	380.5	5.71771634409217e-06	8.18330605564648e-05	Sucrose_6-phosphate
C05382	2	1	714.047480297481	238.015826765827	5.83359098360178e-06	0.000114337983077979	Sedoheptulose_7-phosphate
C00857	1	1	705	352.5	5.68727926247363e-06	7.6010945576163e-05	Deamino-NAD+
C00364	1	1	646.647174621315	323.323587310657	5.81642208611795e-06	0.000108084738434933	dTMP
C03972	2	2	633.998880900164	158.499720225041	5.67398421497591e-06	7.37028301886792e-05	2,3,4,5-Tetrahydrodipicolinate
C00031	2	1	590.496974177684	196.832324725895	5.71941684825815e-06	8.21827744904668e-05	D-Glucose
C00100	1	2	501.270944458962	167.090314819654	5.86059977378085e-06	0.00012569130216189	Propanoyl-CoA
C16618	1	1	412.190706653805	206.095353326903	5.79223261606186e-06	0.000100300902708124	6-Thioxanthine_5'-monophosphate
C05576	2	2	372.562578225746	93.1406445564365	5.8370641901949e-06	0.00011568718186025	3,4-Dihydroxyphenylethyleneglycol
C05577	2	2	372.562578225746	93.1406445564365	5.8370641901949e-06	0.00011568718186025	3,4-Dihydroxymandelaldehyde
C06611	2	2	372.562578225746	93.1406445564365	5.8370641901949e-06	0.00011568718186025	trans-3-Chloro-2-propene-1-ol
C06612	2	2	372.562578225746	93.1406445564365	5.8370641901949e-06	0.00011568718186025	cis-3-Chloro-2-propene-1-ol
C04646	1	1	285.922960662526	142.961480331263	5.80359474658603e-06	0.000103820598006645	6-Thioinosine-5'-monophosphate
C05512	1	2	260.908628622045	86.9695428740149	5.76611484947557e-06	9.30059523809524e-05	Deoxyinosine
C00663	1	1	184.003025822316	92.0015129111582	5.70323772805822e-06	7.89639924194567e-05	beta-D-Glucose_1-phosphate
C02527	2	2	165.162439124551	41.2906097811377	5.76724550587394e-06	9.33009889904833e-05	Butanoylphosphate
C11542	1	1	110	55	7.02633540774176e-07	0	Cobalt-precorrin_6
C05746	1	1	105.545454545455	52.7727272727273	5.76491816698662e-06	9.26955876900259e-05	3-Oxohexanoyl-[acp]
C05750	1	2	105.545454545455	35.1818181818182	5.76491816698662e-06	9.26955876900259e-05	3-Oxooctanoyl-[acp]
C05753	1	2	105.545454545455	35.1818181818182	5.76491816698662e-06	9.26955876900259e-05	3-Oxodecanoyl-[acp]
C05756	1	1	105.545454545455	52.7727272727273	5.76491816698662e-06	9.26955876900259e-05	3-Oxododecanoyl-[acp]
C05759	1	1	105.545454545455	52.7727272727273	5.76491816698662e-06	9.26955876900259e-05	3-Oxotetradecanoyl-[acp]
C05762	1	2	105.545454545455	35.1818181818182	5.76491816698662e-06	9.26955876900259e-05	3-Oxohexadecanoyl-[acp]
C16219	1	1	105.545454545455	52.7727272727273	5.76491816698662e-06	9.26955876900259e-05	3-Oxostearoyl-[acp]
C20372	1	1	105.545454545455	52.7727272727273	5.76491816698662e-06	9.26955876900259e-05	3-Ketoglutaryl-[acp]_methyl_ester
C20376	1	1	105.545454545455	52.7727272727273	5.76491816698662e-06	9.26955876900259e-05	3-Ketopimeloyl-[acp]_methyl_ester
C16243	1	1	104	52	7.02630578623308e-07	0	Cobalt-precorrin_5B
C00416	2	2	98	24.5	5.76412065457354e-06	9.24898261191269e-05	Phosphatidate
C11543	1	1	98	49	7.02630578623308e-07	0	Cobalt-dihydro-precorrin_6
C16242	1	1	90	45	7.02623667035076e-07	0	Cobalt-precorrin_5A
C16244	1	1	80	40	7.02621692320556e-07	0	Cobalt-precorrin_7
C05223	1	1	79.8571428571428	39.9285714285714	5.76471876819489e-06	9.26440615156568e-05	Dodecanoyl-[acyl-carrier_protein]
C05745	1	1	79.8571428571428	39.9285714285714	5.76471876819489e-06	9.26440615156568e-05	Butyryl-[acp]
C05749	1	1	79.8571428571428	39.9285714285714	5.76471876819489e-06	9.26440615156568e-05	Hexanoyl-[acp]
C05752	1	1	79.8571428571428	39.9285714285714	5.76471876819489e-06	9.26440615156568e-05	Octanoyl-[acp]
C05755	1	1	79.8571428571428	39.9285714285714	5.76471876819489e-06	9.26440615156568e-05	Decanoyl-[acp]
C05761	1	1	79.8571428571428	39.9285714285714	5.76471876819489e-06	9.26440615156568e-05	Tetradecanoyl-[acp]
C05764	1	1	79.8571428571428	39.9285714285714	5.76471876819489e-06	9.26440615156568e-05	Hexadecanoyl-[acp]
C00327	1	2	75.3333333333333	25.1111111111111	5.81378448300921e-06	0.000107181136120043	L-Citrulline
C00269	2	1	68	22.6666666666667	5.69472838992944e-06	7.73634535045644e-05	CDP-diacylglycerol
C00681	1	3	64	16	5.77563950768449e-06	9.55474871010892e-05	1-Acyl-sn-glycerol_3-phosphate
C00921	1	1	61.1571428571429	30.5785714285714	5.80191114953266e-06	0.000103284445362528	Dihydropteroate
C00438	1	2	58.4	19.4666666666667	5.81405489630633e-06	0.00010727311735679	N-Carbamoyl-L-aspartate
C11545	1	1	54	27	7.02608856946729e-07	0	Cobalt-precorrin_8
C00718	2	3	37.6666666666667	7.53333333333333	5.71268616216031e-06	8.08146112817197e-05	Amylose
C00254	2	2	35.0714285714286	8.76785714285714	5.79854688415083e-06	0.000102228583111838	Prephenate
C00458	7	1	34.4444444444444	4.30555555555556	5.79693342221965e-06	0.000101729399796541	dCTP
C15815	2	1	32	10.6666666666667	5.7980761983174e-06	0.000102082482645978	C15815
C04752	1	1	31.4472948669454	15.7236474334727	5.7292472342059e-06	8.42601954836535e-05	2-Methyl-4-amino-5-hydroxymethylpyrimidine_diphosphate
C00760	1	2	30	10	5.64483807781974e-06	6.90703135792236e-05	Cellulose
C20422	1	4	30	6	6.95607655023122e-07	0	alpha-D-Ribose_1-methylphosphonate_5-triphosphate
C20423	1	1	28	14	6.95606687284449e-07	0	alpha-D-Ribose_1-methylphosphonate_5-phosphate
C04419	4	1	27	5.4	5.82774355597256e-06	0.00011213276519399	Carboxybiotin-carboxyl-carrier_protein
C06407	1	1	27	13.5	7.02610831589102e-07	0	Precorrin_4
C11540	1	1	27	13.5	7.02610831589102e-07	0	Cobalt-precorrin_4
C00047	3	1	24	6	5.65217637051147e-06	7.01852891633913e-05	L-Lysine
C00039	7	7	21	1.5	5.7824525694328e-06	9.74468914441629e-05	DNA
C00641	2	1	20	6.66666666666667	5.69433925734427e-06	7.72916988715412e-05	1,2-Diacyl-sn-glycerol
C20440	1	1	18	9	6.95601848631473e-07	0	alpha-D-Ribose_1,2-cyclic_phosphate_5-phosphate
C00689	2	1	14.6666666666667	4.88888888888889	5.71823946843246e-06	8.19403474270731e-05	alpha,alpha'-Trehalose_6-phosphate
C01300	2	1	14	4.66666666666667	5.73358331756598e-06	8.52079072937969e-05	2-Amino-4-hydroxy-6-hydroxymethyl-7,8-dihydropteridine
C06507	2	1	14	4.66666666666667	5.65486120143181e-06	7.06015249929398e-05	Adenosyl_cobyrinate_hexaamide
C06188	1	1	9.36666666666667	4.68333333333333	5.71823946843246e-06	8.19403474270731e-05	Salicin_6-phosphate
C00052	1	2	9	3	5.71294725235802e-06	8.08668930939673e-05	UDP-alpha-D-galactose
C03492	1	1	8	4	5.81703110366531e-06	0.000108295429932857	D-4'-Phosphopantothenate
C04352	1	2	8	2.66666666666667	5.81703110366531e-06	0.000108295429932857	(R)-4'-Phosphopantothenoyl-L-cysteine
C04778	1	2	8	2.66666666666667	5.45985640577653e-06	4.8828125e-05	N1-(5-Phospho-alpha-D-ribosyl)-5,6-dimethylbenzimidazole
C05775	2	1	8	2.66666666666667	5.52397682139326e-06	5.44840361774e-05	alpha-Ribazole
C02995	1	2	7.75	2.58333333333333	5.71823946843246e-06	8.19403474270731e-05	Maltose_6'-phosphate
C05778	2	1	6	2	6.92135882885072e-07	0	Sirohydrochlorin
C04807	1	1	5	2.5	5.73338608048527e-06	8.51643672287515e-05	2-Amino-7,8-dihydro-4-hydroxy-6-(diphosphooxymethyl)pteridine
C04732	1	1	3	1.5	5.73069186642903e-06	8.4573748308525e-05	5-Amino-6-(1-D-ribitylamino)uracil
C00817	2	2	1	0.25	5.72432782080564e-06	8.32085205525046e-05	D-Altronate
C01242	2	2	1	0.25	5.82272142353893e-06	0.000110302228105008	S-Aminomethyldihydrolipoylprotein
C02226	2	2	0.5	0.125	5.76445292459519e-06	9.25754489909276e-05	2-Methylmaleate
C02631	2	2	0.5	0.125	5.76445292459519e-06	9.25754489909276e-05	2-Isopropylmaleate
C05527	2	2	0.153846153846154	0.0384615384615385	5.86637569443222e-06	0.000128402670775552	3-Sulfinylpyruvate
C05947	2	2	0.153846153846154	0.0384615384615385	5.86637569443222e-06	0.000128402670775552	L-erythro-4-Hydroxyglutamate
C00006	0	1	0	0	5.61920870303044e-06	6.54193379562999e-05	NADP+
C00007	1	0	0	0	5.79498501996372e-06	0.000101132686084142	Oxygen
C00009	0	1	0	0	5.65230416179155e-06	7.02049985959e-05	Orthophosphate
C00012	1	0	0	0	5.67359791211597e-06	7.36377025036819e-05	Peptide
C00016	1	1	0	0	5.59437429720673e-06	6.22045284896741e-05	FAD
C00018	0	1	0	0	6.92712182936975e-07	0	Pyridoxal_phosphate
C00027	0	1	0	0	5.79498501996372e-06	0.000101132686084142	Hydrogen_peroxide
C00040	4	0	0	0	5.83433975694141e-06	0.000114626318202659	Acyl-CoA
C00051	1	0	0	0	5.81189229401201e-06	0.000106541657788195	Glutathione
C00054	0	1	0	0	5.76206143509902e-06	9.19624793084422e-05	Adenosine_3',5'-bisphosphate
C00060	0	1	0	0	5.82014585285507e-06	0.000109385254867644	Carboxylate
C00061	1	1	0	0	5.59437429720673e-06	6.22045284896741e-05	FMN
C00062	2	0	0	0	5.5325952851223e-06	5.53342186808322e-05	L-Arginine
C00063	5	0	0	0	5.79679900758801e-06	0.000101688021151108	CTP
C00071	0	3	0	0	5.87037047908093e-06	0.000130344108446298	Aldehyde
C00072	2	0	0	0	6.90985199788006e-07	0	Ascorbate
C00075	4	0	0	0	5.79391059995944e-06	0.000100806451612903	UTP
C00078	1	0	0	0	6.90410815147337e-07	0	L-Tryptophan
C00080	1	0	0	0	6.90410815147337e-07	0	H+
C00088	1	1	0	0	5.80898882931448e-06	0.000105574324324324	Nitrite
C00089	2	0	0	0	5.71771634409217e-06	8.18330605564648e-05	Sucrose
C00092	0	4	0	0	5.78325516300105e-06	9.76753272123462e-05	D-Glucose_6-phosphate
C00096	1	1	0	0	6.90410815147337e-07	0	GDP-mannose
C00114	0	1	0	0	5.77911082600831e-06	9.65064659332175e-05	Choline
C00116	1	1	0	0	5.7737720630265e-06	9.50389659760502e-05	Glycerol
C00121	1	0	0	0	5.77724113626779e-06	9.59877135726627e-05	D-Ribose
C00123	1	0	0	0	6.90410815147337e-07	0	L-Leucine
C00140	1	0	0	0	5.68501600332005e-06	7.56086496295176e-05	N-Acetyl-D-glucosamine
C00151	1	0	0	0	5.81189229401201e-06	0.000106541657788195	L-Amino_acid
C00153	0	2	0	0	5.76611484947557e-06	9.30059523809524e-05	Nicotinamide
C00158	1	1	0	0	5.75516382073816e-06	9.02364194188775e-05	Citrate
C00159	4	0	0	0	5.69732396693273e-06	7.78452436556127e-05	D-Mannose
C00162	1	0	0	0	5.84696162639085e-06	0.000119703136222169	Fatty_acid
C00163	1	0	0	0	5.79955575402924e-06	0.000102543068088597	Propanoate
C00167	0	1	0	0	5.64458317575539e-06	6.90321689907497e-05	UDP-glucuronate
C00178	1	1	0	0	5.74451829341851e-06	8.76885303402315e-05	Thymine
C00180	0	1	0	0	5.82014585285507e-06	0.000109385254867644	Benzoate
C00183	1	0	0	0	6.90410815147337e-07	0	L-Valine
C00185	0	1	0	0	5.57764924394964e-06	6.01974476282206e-05	Cellobiose
C00186	1	1	0	0	5.85366995838041e-06	0.000122579063495955	(S)-Lactate
C00192	1	0	0	0	5.80898882931448e-06	0.000105574324324324	Hydroxylamine
C00194	0	2	0	0	5.52385476681047e-06	5.44721647238261e-05	Cobamide_coenzyme
C00208	3	0	0	0	5.71830486570561e-06	8.1953778069169e-05	Maltose
C00212	3	0	0	0	5.76618134640334e-06	9.30232558139535e-05	Adenosine
C00214	1	1	0	0	5.74451829341851e-06	8.76885303402315e-05	Thymidine
C00221	1	0	0	0	5.71778172940026e-06	8.18464560484531e-05	beta-D-Glucose
C00222	1	1	0	0	5.7764402109556e-06	9.57670944263551e-05	3-Oxopropanoate
C00226	2	0	0	0	5.8370641901949e-06	0.00011568718186025	Primary_alcohol
C00233	0	1	0	0	5.80844896987158e-06	0.00010539629005059	4-Methyl-2-oxopentanoate
C00245	1	0	0	0	5.81189229401201e-06	0.000106541657788195	Taurine
C00250	1	0	0	0	6.92712182936975e-07	0	Pyridoxal
C00253	0	2	0	0	5.76897560300218e-06	9.37558597412338e-05	Nicotinate
C00256	1	0	0	0	5.83917737669117e-06	0.000116522955022139	(R)-Lactate
C00266	0	1	0	0	5.66434239816928e-06	7.21084511104702e-05	Glycolaldehyde
C00270	1	0	0	0	5.52776319062491e-06	5.48546352166758e-05	N-Acetylneuraminate
C00282	0	1	0	0	6.90410815147337e-07	0	Hydrogen
C00288	4	0	0	0	5.82774355597256e-06	0.00011213276519399	HCO3-
C00301	1	0	0	0	5.77704088411834e-06	9.59324635456639e-05	ADP-ribose
C00302	0	1	0	0	5.82014585285507e-06	0.000109385254867644	DL-Glutamate
C00314	1	0	0	0	6.92712182936975e-07	0	Pyridoxine
C00315	1	1	0	0	5.66511253746056e-06	7.22334585379948e-05	Spermidine
C00320	1	1	0	0	5.85312176249203e-06	0.000122339124051872	Thiosulfate
C00329	1	0	0	0	5.74788621484449e-06	8.84799150592815e-05	D-Glucosamine
C00330	1	0	0	0	5.7660483540815e-06	9.29886553840431e-05	Deoxyguanosine
C00341	1	1	0	0	5.52330558792826e-06	5.44188071397475e-05	Geranyl_diphosphate
C00344	1	0	0	0	5.62641715382062e-06	6.64098817904104e-05	Phosphatidylglycerol
C00353	0	1	0	0	5.52330558792826e-06	5.44188071397475e-05	Geranylgeranyl_diphosphate
C00356	1	1	0	0	5.82760770875948e-06	0.000112082492714638	(S)-3-Hydroxy-3-methylglutaryl-CoA
C00360	1	1	0	0	5.80123798418583e-06	0.00010307153164296	dAMP
C00362	1	1	0	0	5.80069956436746e-06	0.000102901831652603	dGMP
C00363	0	1	0	0	5.76817696766937e-06	9.35453695042096e-05	dTDP
C00376	0	1	0	0	5.79975757013357e-06	0.000102606197414324	Retinal
C00378	1	1	0	0	5.77290544558171e-06	9.48047023132347e-05	Thiamine
C00380	1	1	0	0	5.74451829341851e-06	8.76885303402315e-05	Cytosine
C00387	2	0	0	0	5.76611484947557e-06	9.30059523809524e-05	Guanosine
C00392	2	0	0	0	5.69693447955655e-06	7.77725929382486e-05	Mannitol
C00402	0	1	0	0	5.8074370038271e-06	0.000105064089094348	D-Aspartate
C00407	1	0	0	0	6.90410815147337e-07	0	L-Isoleucine
C00409	0	1	0	0	5.76618134640334e-06	9.30232558139535e-05	Methanethiol
C00415	0	1	0	0	5.80029581508657e-06	0.000102774922918808	Dihydrofolate
C00417	1	1	0	0	5.75516382073816e-06	9.02364194188775e-05	cis-Aconitate
C00424	0	1	0	0	6.90410815147337e-07	0	(S)-Lactaldehyde
C00429	1	0	0	0	6.92712182936975e-07	0	5,6-Dihydrouracil
C00431	0	2	0	0	5.60616678346181e-06	6.36942675159236e-05	5-Aminopentanoate
C00433	1	0	0	0	5.84696162639085e-06	0.000119703136222169	2,5-Dioxopentanoate
C00446	1	0	0	0	5.71288197757123e-06	8.08538163001294e-05	alpha-D-Galactose_1-phosphate
C00447	1	1	0	0	5.8308697908467e-06	0.000113301608882846	Sedoheptulose_1,7-bisphosphate
C00455	1	0	0	0	5.68721457291862e-06	7.5999392004864e-05	Nicotinamide_D-ribonucleotide
C00459	7	0	0	0	5.7824525694328e-06	9.74468914441629e-05	dTTP
C00460	1	0	0	0	5.74980306924488e-06	8.89363215937389e-05	dUTP
C00469	2	0	0	0	5.8370641901949e-06	0.00011568718186025	Ethanol
C00473	1	0	0	0	5.79975757013357e-06	0.000102606197414324	Retinol
C00479	1	0	0	0	6.91559584428015e-07	0	Propanal
C00491	1	0	0	0	5.86066846784544e-06	0.000125722906713603	L-Cystine
C00492	1	0	0	0	5.71765096027948e-06	8.18196694485354e-05	Raffinose
C00499	1	0	0	0	6.90410815147337e-07	0	Allantoate
C00506	2	0	0	0	5.86637569443222e-06	0.000128402670775552	L-Cysteate
C00512	0	1	0	0	5.83325069561515e-06	0.000114207400639561	S-Benzoate_coenzyme_A
C00527	0	1	0	0	5.83325069561515e-06	0.000114207400639561	Glutaryl-CoA
C00534	1	1	0	0	6.92712182936975e-07	0	Pyridoxamine
C00546	0	2	0	0	5.77937802333713e-06	9.65810314854163e-05	Methylglyoxal
C00555	1	0	0	0	5.84696162639085e-06	0.000119703136222169	4-Aminobutyraldehyde
C00620	2	0	0	0	5.79008621438373e-06	9.96611520829181e-05	alpha-D-Ribose_1-phosphate
C00627	0	1	0	0	6.92712182936975e-07	0	Pyridoxine_phosphate
C00630	1	0	0	0	5.76784426820476e-06	9.34579439252337e-05	2-Methylpropanoyl-CoA
C00636	1	1	0	0	6.90410815147337e-07	0	D-Mannose_1-phosphate
C00637	1	0	0	0	5.84696162639085e-06	0.000119703136222169	Indole-3-acetaldehyde
C00645	0	2	0	0	5.59374842675826e-06	6.21272365805169e-05	N-Acetyl-D-mannosamine
C00647	1	1	0	0	6.92712182936975e-07	0	Pyridoxamine_phosphate
C00670	1	0	0	0	5.77911082600831e-06	9.65064659332175e-05	sn-Glycero-3-phosphocholine
C00671	0	1	0	0	5.75900852909163e-06	9.11909538573773e-05	(S)-3-Methyl-2-oxopentanoic_acid
C00725	1	0	0	0	6.90984722327789e-07	0	Lipoate
C00726	1	0	0	0	5.82014585285507e-06	0.000109385254867644	Nitrile
C00748	1	1	0	0	6.92133966682055e-07	0	Siroheme
C00750	1	1	0	0	5.66511253746056e-06	7.22334585379948e-05	Spermine
C00794	4	0	0	0	5.71294725235802e-06	8.08668930939673e-05	D-Sorbitol
C00804	0	1	0	0	5.84696162639085e-06	0.000119703136222169	Propynoate
C00818	0	1	0	0	5.84696162639085e-06	0.000119703136222169	D-Glucarate
C00819	1	1	0	0	5.83938195981337e-06	0.00011660447761194	D-Glutamine
C00826	1	0	0	0	5.79841239468633e-06	0.000102186797465767	L-Arogenate
C00831	1	0	0	0	5.75655527732205e-06	9.05797101449275e-05	Pantetheine
C00853	1	0	0	0	5.45949870882856e-06	4.87995315244974e-05	Cob(I)alamin
C00862	1	1	0	0	5.81446056342123e-06	0.000107411385606874	Methanofuran
C00881	1	0	0	0	5.71732406364525e-06	8.17527795945062e-05	Deoxycytidine
C00886	0	1	0	0	5.74359445628263e-06	8.74737578726382e-05	L-Alanyl-tRNA
C00906	1	0	0	0	6.92712182936975e-07	0	5,6-Dihydrothymine
C00931	1	0	0	0	6.90410815147337e-07	0	Porphobilinogen
C00944	0	1	0	0	5.7425390061962e-06	8.72295882763433e-05	3-Dehydroquinate
C00954	0	2	0	0	5.8609432602083e-06	0.000125849484017116	Indole-3-acetate
C00969	1	0	0	0	6.91559584428015e-07	0	3-Hydroxypropanal
C00979	2	0	0	0	5.83188994057304e-06	0.00011368804001819	O-Acetyl-L-serine
C00988	1	0	0	0	5.72432782080564e-06	8.32085205525046e-05	2-Phosphoglycolate
C00989	1	0	0	0	5.70623177572227e-06	7.95418390073178e-05	4-Hydroxybutanoic_acid
C01001	1	1	0	0	5.81446056342123e-06	0.000107411385606874	Formylmethanofuran
C01024	0	1	0	0	6.90410815147337e-07	0	Hydroxymethylbilane
C01077	1	0	0	0	5.82129780013156e-06	0.000109793588054458	O-Acetyl-L-homoserine
C01079	0	1	0	0	6.90410815147337e-07	0	Protoporphyrinogen_IX
C01081	0	1	0	0	5.72832830195164e-06	8.40618695359785e-05	Thiamin_monophosphate
C01083	1	0	0	0	5.71804328558767e-06	8.19000819000819e-05	alpha,alpha-Trehalose
C01089	1	0	0	0	5.75774849003046e-06	9.08760450745184e-05	(R)-3-Hydroxybutanoate
C01097	2	0	0	0	5.78031340859301e-06	9.68429207824908e-05	D-Tagatose_6-phosphate
C01099	1	0	0	0	6.90410815147337e-07	0	L-Fuculose_1-phosphate
C01101	1	0	0	0	5.76538348448247e-06	9.28160386114721e-05	L-Ribulose_5-phosphate
C01102	1	1	0	0	5.78854447049289e-06	9.92063492063492e-05	O-Phospho-L-homoserine
C01118	1	1	0	0	5.60233505325019e-06	6.32031348754898e-05	O-Succinyl-L-homoserine
C01127	1	0	0	0	5.86685753509848e-06	0.000128633907898122	4-Hydroxy-2-oxoglutarate
C01142	0	1	0	0	5.58481377438469e-06	6.10426077402027e-05	(3S)-3,6-Diaminohexanoate
C01146	0	1	0	0	5.77577294281407e-06	9.55840183521315e-05	2-Hydroxy-3-oxopropanoate
C01149	1	0	0	0	5.84696162639085e-06	0.000119703136222169	4-Trimethylammoniobutanal
C01151	0	1	0	0	6.95593139225749e-07	0	D-Ribose_1,5-bisphosphate
C01157	1	1	0	0	5.67372667389121e-06	7.36593989393047e-05	Hydroxyproline
C01170	1	1	0	0	5.5936232694728e-06	6.2111801242236e-05	UDP-N-acetyl-D-mannosamine
C01181	0	1	0	0	5.84696162639085e-06	0.000119703136222169	4-Trimethylammoniobutanoate
C01217	2	0	0	0	5.84252069712957e-06	0.000117868929750118	5,6,7,8-Tetrahydromethanopterin
C01228	0	1	0	0	5.71895892071807e-06	8.20883270398949e-05	Guanosine_3',5'-bis(diphosphate)
C01233	1	0	0	0	5.77911082600831e-06	9.65064659332175e-05	sn-Glycero-3-phosphoethanolamine
C01251	0	1	0	0	5.85038232248477e-06	0.000121153380179307	(R)-2-Hydroxybutane-1,2,4-tricarboxylate
C01268	1	1	0	0	5.72970681090249e-06	8.43597098025983e-05	5-Amino-6-(5'-phosphoribosylamino)uracil
C01401	0	1	0	0	5.82014585285507e-06	0.000109385254867644	Alanine
C01412	1	0	0	0	5.83631471743482e-06	0.000115393491807062	Butanal
C01451	1	0	0	0	5.71804328558767e-06	8.19000819000819e-05	Salicin
C01528	0	1	0	0	5.74689523984667e-06	8.82456759618779e-05	Hydrogen_selenide
C01613	1	0	0	0	5.71765096027948e-06	8.18196694485354e-05	Stachyose
C01672	1	0	0	0	5.66511253746056e-06	7.22334585379948e-05	Cadaverine
C01697	3	0	0	0	6.91560540938655e-07	0	Galactitol
C01762	2	0	0	0	5.76611484947557e-06	9.30059523809524e-05	Xanthosine
C01801	1	0	0	0	5.77724113626779e-06	9.59877135726627e-05	Deoxyribose
C01909	1	1	0	0	5.68695582941407e-06	7.59532128209023e-05	Dethiobiotin
C01929	1	1	0	0	5.66094345283585e-06	7.156147130385e-05	L-Histidinal
C01931	0	1	0	0	5.58481377438469e-06	6.10426077402027e-05	L-Lysyl-tRNA
C01962	0	1	0	0	5.86066846784544e-06	0.000125722906713603	Thiocysteine
C02047	0	1	0	0	6.90410815147337e-07	0	L-Leucyl-tRNA
C02091	0	1	0	0	6.90410815147337e-07	0	(S)-Ureidoglycine
C02163	0	1	0	0	5.46803659210087e-06	4.94902504206671e-05	L-Arginyl-tRNA(Arg)
C02166	1	0	0	0	5.81189229401201e-06	0.000106541657788195	Leukotriene_C4
C02170	0	1	0	0	5.84696162639085e-06	0.000119703136222169	Methylmalonate
C02218	0	1	0	0	5.85504089746067e-06	0.000123183050012318	Dehydroalanine
C02232	0	1	0	0	5.76438646752633e-06	9.25583117363939e-05	3-Oxoadipyl-CoA
C02282	1	1	0	0	5.8014399173875e-06	0.000103135313531353	Glutaminyl-tRNA
C02291	1	0	0	0	5.86066846784544e-06	0.000125722906713603	L-Cystathionine
C02320	1	0	0	0	5.81189229401201e-06	0.000106541657788195	R-S-Glutathione
C02331	1	1	0	0	5.70206699928724e-06	7.8740157480315e-05	Vinylacetyl-CoA
C02352	1	0	0	0	5.65102650896535e-06	7.0008401008121e-05	1,4-beta-D-Xylan
C02380	1	0	0	0	5.80346002286563e-06	0.000103777501037775	6-Mercaptopurine
C02411	0	1	0	0	6.98533289651718e-07	0	Glutaconyl-1-CoA
C02412	0	2	0	0	5.78646776648131e-06	9.8599881680142e-05	Glycyl-tRNA(Gly)
C02457	0	1	0	0	6.91559584428015e-07	0	Propane-1,3-diol
C02463	1	0	0	0	6.92133966682055e-07	0	Precorrin_2
C02512	1	0	0	0	5.81189229401201e-06	0.000106541657788195	3-Cyano-L-alanine
C02553	0	1	0	0	5.795455204029e-06	0.000101276078590237	L-Seryl-tRNA(Ser)
C02554	0	1	0	0	6.90410815147337e-07	0	L-Valyl-tRNA(Val)
C02576	1	0	0	0	5.84696162639085e-06	0.000119703136222169	Perillyl_aldehyde
C02612	2	0	0	0	5.76445292459519e-06	9.25754489909276e-05	(R)-2-Methylmalate
C02637	1	1	0	0	5.52788541799106e-06	5.48666739822232e-05	3-Dehydroshikimate
C02642	0	1	0	0	6.92712182936975e-07	0	3-Ureidopropionate
C02670	1	0	0	0	5.84696162639085e-06	0.000119703136222169	D-Glucuronolactone
C02702	0	1	0	0	5.67359791211597e-06	7.36377025036819e-05	L-Prolyl-tRNA(Pro)
C02713	1	0	0	0	5.71804328558767e-06	8.19000819000819e-05	N-Acetylmuramate
C02714	0	1	0	0	5.59794443480354e-06	6.2648790878336e-05	N-Acetylputrescine
C02741	1	1	0	0	5.71144630954897e-06	8.05671930389945e-05	Phosphoribosyl-AMP
C02835	0	1	0	0	5.84696162639085e-06	0.000119703136222169	Imidazole-4-acetate
C02839	0	1	0	0	5.79639580109088e-06	0.000101564086938858	L-Tyrosyl-tRNA(Tyr)
C02909	2	0	0	0	5.8370641901949e-06	0.00011568718186025	(2-Naphthyl)methanol
C02938	1	0	0	0	5.82014585285507e-06	0.000109385254867644	3-Indoleacetonitrile
C02946	0	1	0	0	5.84696162639085e-06	0.000119703136222169	4-Acetamidobutanoate
C02962	1	0	0	0	5.78325516300105e-06	9.76753272123462e-05	D-Allose_6-phosphate
C02972	1	0	0	0	5.83474825978633e-06	0.000114784205693297	Dihydrolipoylprotein
C02984	0	1	0	0	5.8074370038271e-06	0.000105064089094348	L-Aspartyl-tRNA(Asp)
C02987	0	1	0	0	5.80851644681432e-06	0.000105418511490618	L-Glutamyl-tRNA(Glu)
C02988	0	1	0	0	5.59349811778788e-06	6.20963735717834e-05	L-Histidyl-tRNA(His)
C02992	0	1	0	0	5.78841044460781e-06	9.91669972233241e-05	L-Threonyl-tRNA(Thr)
C03028	0	1	0	0	5.77290544558171e-06	9.48047023132347e-05	Thiamin_triphosphate
C03058	1	0	0	0	6.98533289651718e-07	0	2-Hydroxyglutaryl-CoA
C03089	1	1	0	0	5.73148015474996e-06	8.47457627118644e-05	5-Methylthio-D-ribose
C03114	1	0	0	0	5.3969744561199e-06	4.42203944459185e-05	Dimethylbenzimidazole
C03127	0	1	0	0	6.90410815147337e-07	0	L-Isoleucyl-tRNA(Ile)
C03150	2	0	0	0	5.76611484947557e-06	9.30059523809524e-05	Nicotinamide-beta-riboside
C03194	1	0	0	0	5.65473329450417e-06	7.05815923207228e-05	(R)-1-Aminopropan-2-ol
C03232	0	1	0	0	5.75476638525859e-06	9.01388137732107e-05	3-Phosphonooxypyruvate
C03263	1	0	0	0	6.90410815147337e-07	0	Coproporphyrinogen_III
C03294	0	1	0	0	5.7990176464107e-06	0.000102375102375102	N-Formylmethionyl-tRNA
C03345	1	1	0	0	5.76784426820476e-06	9.34579439252337e-05	2-Methylbut-2-enoyl-CoA
C03402	0	1	0	0	5.73667513782362e-06	8.58958941762584e-05	L-Asparaginyl-tRNA(Asn)
C03406	0	1	0	0	5.80932629242987e-06	0.00010568590150074	N-(L-Arginino)succinate
C03451	1	0	0	0	5.70896821817393e-06	8.00768737988469e-05	(R)-S-Lactoylglutathione
C03460	0	1	0	0	5.76784426820476e-06	9.34579439252337e-05	2-Methylprop-2-enoyl-CoA
C03479	1	0	0	0	5.73503013758337e-06	8.55285665412248e-05	Folinic_acid
C03511	0	1	0	0	5.79673180260969e-06	0.000101667344448963	L-Phenylalanyl-tRNA(Phe)
C03512	0	1	0	0	6.90410815147337e-07	0	L-Tryptophanyl-tRNA(Trp)
C03561	1	0	0	0	5.76358910220573e-06	9.23531584780199e-05	(R)-3-Hydroxybutanoyl-CoA
C03688	1	0	0	0	5.76206143509902e-06	9.19624793084422e-05	Apo-[acyl-carrier-protein]
C03740	0	1	0	0	5.81189229401201e-06	0.000106541657788195	(5-L-Glutamyl)-L-amino_acid
C03752	4	0	0	0	6.92136840990559e-07	0	2-Amino-2-deoxy-D-gluconate
C03892	0	1	0	0	5.62635384139309e-06	6.64010624169987e-05	Phosphatidylglycerophosphate
C03912	1	1	0	0	5.67372667389121e-06	7.36593989393047e-05	(S)-1-Pyrroline-5-carboxylate
C03974	0	1	0	0	5.83325069561515e-06	0.000114207400639561	2-Acyl-sn-glycerol_3-phosphate
C04046	1	1	0	0	5.62597399674819e-06	6.6348195329087e-05	3-D-Glucosyl-1,2-diacylglycerol
C04051	0	1	0	0	5.78720449087068e-06	9.88142292490119e-05	5-Amino-4-imidazolecarboxyamide
C04079	1	0	0	0	5.75655527732205e-06	9.05797101449275e-05	N-((R)-Pantothenoyl)-L-cysteine
C04088	0	1	0	0	5.69641524588576e-06	7.76759359950287e-05	Octadecanoyl-[acyl-carrier_protein]
C04181	1	1	0	0	5.77097315920384e-06	9.42862530643032e-05	3-Hydroxy-3-methyl-2-oxobutanoic_acid
C04216	0	1	0	0	5.52239053241367e-06	5.43301097468217e-05	all-trans-Heptaprenyl_diphosphate
C04236	0	1	0	0	5.80844896987158e-06	0.00010539629005059	(2S)-2-Isopropyl-3-oxosuccinate
C04257	1	0	0	0	5.68501600332005e-06	7.56086496295176e-05	N-Acetyl-D-mannosamine_6-phosphate
C04260	0	2	0	0	5.68540386266338e-06	7.56773119418798e-05	O-D-Alanyl-poly(ribitol_phosphate)
C04281	1	1	0	0	5.67372667389121e-06	7.36593989393047e-05	L-1-Pyrroline-3-hydroxy-5-carboxylate
C04294	1	0	0	0	5.72767210222749e-06	8.39207787848271e-05	5-(2-Hydroxyethyl)-4-methylthiazole
C04377	0	1	0	0	5.83304654187836e-06	0.000114129194247889	5,10-Methylenetetrahydromethanopterin
C04390	1	0	0	0	5.58456426437327e-06	6.1012812690665e-05	N6-Acetyl-LL-2,6-diaminoheptanedioate
C04421	1	1	0	0	5.74141801542145e-06	8.69716472429988e-05	N-Succinyl-LL-2,6-diaminoheptanedioate
C04454	0	1	0	0	5.72970681090249e-06	8.43597098025983e-05	5-Amino-6-(5'-phospho-D-ribitylamino)uracil
C04488	0	2	0	0	5.84252069712957e-06	0.000117868929750118	5-Methyl-5,6,7,8-tetrahydromethanopterin
C04501	1	1	0	0	5.59349811778788e-06	6.20963735717834e-05	N-Acetyl-alpha-D-glucosamine_1-phosphate
C04556	1	1	0	0	5.66254622053352e-06	7.18184429761563e-05	4-Amino-2-methyl-5-phosphomethylpyrimidine
C04675	1	0	0	0	5.82760770875948e-06	0.000112082492714638	3-Hydroxy-3-(4-methylpent-3-en-1-yl)glutaryl-CoA
C04734	1	1	0	0	5.81452818011083e-06	0.000107434464976364	1-(5'-Phosphoribosyl)-5-formamido-4-imidazolecarboxamide
C04874	1	0	0	0	5.66434239816928e-06	7.21084511104702e-05	2-Amino-4-hydroxy-6-(D-erythro-1,2,3-trihydroxypropyl)-7,8-dihydropteridine
C04895	0	1	0	0	5.78954986249819e-06	9.95024875621891e-05	7,8-Dihydroneopterin_3'-triphosphate
C05100	0	1	0	0	6.92712182936975e-07	0	3-Ureidoisobutyrate
C05130	1	0	0	0	5.84696162639085e-06	0.000119703136222169	Imidazole-4-acetaldehyde
C05172	1	0	0	0	5.724917704308e-06	8.33333333333333e-05	Selenophosphoric_acid
C05269	0	1	0	0	5.8292382934322e-06	0.000112688753662384	3-Oxohexanoyl-CoA
C05270	1	1	0	0	5.76784426820476e-06	9.34579439252337e-05	Hexanoyl-CoA
C05271	1	1	0	0	5.76784426820476e-06	9.34579439252337e-05	trans-Hex-2-enoyl-CoA
C05336	0	1	0	0	5.7580800257962e-06	9.09587047480444e-05	Selenomethionyl-tRNA(Met)
C05338	1	0	0	0	5.83325069561515e-06	0.000114207400639561	4-Hydroxyphenylacetyl-CoA
C05402	0	1	0	0	5.71765096027948e-06	8.18196694485354e-05	Melibiose
C05404	0	1	0	0	5.71765096027948e-06	8.18196694485354e-05	D-Gal_alpha_1->6D-Gal_alpha_1->6D-Glucose
C05519	1	1	0	0	5.8075719122592e-06	0.000105108261509355	L-Allothreonine
C05528	0	2	0	0	5.86637569443222e-06	0.000128402670775552	3-Sulfopyruvate
C05596	0	1	0	0	5.83325069561515e-06	0.000114207400639561	p-Hydroxyphenylacetylglycine
C05634	1	0	0	0	5.84696162639085e-06	0.000119703136222169	5-Hydroxyindoleacetaldehyde
C05635	0	1	0	0	5.84696162639085e-06	0.000119703136222169	5-Hydroxyindoleacetate
C05665	1	0	0	0	5.84696162639085e-06	0.000119703136222169	3-Aminopropanal
C05670	1	0	0	0	5.81189229401201e-06	0.000106541657788195	3-Aminopropiononitrile
C05682	1	0	0	0	5.78613295376301e-06	9.85027580772262e-05	Phosphonoacetate
C05684	1	0	0	0	5.74689523984667e-06	8.82456759618779e-05	Selenite
C05699	1	0	0	0	5.86066846784544e-06	0.000125722906713603	L-Selenocystathionine
C05703	0	2	0	0	5.78225195584672e-06	9.73899493572263e-05	Methaneselenol
C05711	0	1	0	0	5.81189229401201e-06	0.000106541657788195	gamma-Glutamyl-beta-cyanoalanine
C05714	1	0	0	0	5.82014585285507e-06	0.000109385254867644	alpha-Aminopropiononitrile
C05715	1	0	0	0	5.82014585285507e-06	0.000109385254867644	gamma-Amino-gamma-cyanobutanoate
C05726	0	2	0	0	5.82482423592868e-06	0.000111061750333185	S-Substituted_L-cysteine
C05773	0	1	0	0	7.02590098397743e-07	0	Cobyrinate
C05807	1	0	0	0	6.91559584428015e-07	0	2-Polyprenylphenol
C05810	1	0	0	0	6.91559584428015e-07	0	2-Octaprenylphenol
C05811	0	1	0	0	6.91559584428015e-07	0	2-Octaprenyl-6-hydroxyphenol
C05823	0	1	0	0	5.85366995838041e-06	0.000122579063495955	3-Mercaptolactate
C05841	1	0	0	0	5.7660483540815e-06	9.29886553840431e-05	Nicotinate_D-ribonucleoside
C05844	0	1	0	0	5.81189229401201e-06	0.000106541657788195	5-L-Glutamyl-taurine
C05892	1	0	0	0	5.68676178723549e-06	7.59186152444579e-05	UDP-N-acetylmuramoyl-L-alanyl-gamma-D-glutamyl-L-lysine
C05893	0	1	0	0	5.65211247703829e-06	7.01754385964912e-05	Undecaprenyl-diphospho-N-acetylmuramoyl-(N-acetylglucosamine)-L-alanyl-gamma-D-glutamyl-L-lysyl-D-alanyl-D-alanine
C05898	0	1	0	0	5.65211247703829e-06	7.01754385964912e-05	Undecaprenyl-diphospho-N-acetylmuramoyl-(N-acetylglucosamine)-L-alanyl-D-glutamyl-meso-2,6-diaminopimeloyl-D-alanyl-D-alanine
C05921	1	1	0	0	5.75668783208893e-06	9.06125407756433e-05	Biotinyl-5'-AMP
C05922	1	1	0	0	5.78954986249819e-06	9.95024875621891e-05	Formamidopyrimidine_nucleoside_triphosphate
C05923	1	1	0	0	5.78954986249819e-06	9.95024875621891e-05	2,5-Diaminopyrimidine_nucleoside_triphosphate
C05936	1	0	0	0	5.84696162639085e-06	0.000119703136222169	N4-Acetylaminobutanal
C05951	0	1	0	0	5.81189229401201e-06	0.000106541657788195	Leukotriene_D4
C05979	0	1	0	0	6.91559584428015e-07	0	Propane-1-ol
C05980	0	1	0	0	5.62641715382062e-06	6.64098817904104e-05	Cardiolipin
C05984	1	0	0	0	5.85366995838041e-06	0.000122579063495955	2-Hydroxybutanoic_acid
C05985	1	0	0	0	5.84696162639085e-06	0.000119703136222169	2-Propynal
C06002	1	0	0	0	5.84696162639085e-06	0.000119703136222169	(S)-Methylmalonate_semialdehyde
C06033	1	1	0	0	6.98533289651718e-07	0	Parapyruvate
C06035	1	1	0	0	6.98533289651718e-07	0	4-Methylene-2-oxoglutarate
C06055	1	0	0	0	5.78854447049289e-06	9.92063492063492e-05	O-Phospho-4-hydroxy-L-threonine
C06056	0	1	0	0	5.78854447049289e-06	9.92063492063492e-05	4-Hydroxy-L-threonine
C06112	1	1	0	0	5.80851644681432e-06	0.000105418511490618	L-Glutamyl-tRNA(Gln)
C06114	0	1	0	0	5.81189229401201e-06	0.000106541657788195	gamma-Glutamyl-beta-aminopropiononitrile
C06148	1	1	0	0	5.78954986249819e-06	9.95024875621891e-05	2,5-Diamino-6-(5'-triphosphoryl-3',4'-trihydroxy-2'-oxopentyl)-amino-4-oxopyrimidine
C06156	1	1	0	0	5.59349811778788e-06	6.20963735717834e-05	alpha-D-Glucosamine_1-phosphate
C06186	2	0	0	0	5.71810867837354e-06	8.1913499344692e-05	Arbutin
C06311	0	3	0	0	6.91560540938655e-07	0	Galactitol_1-phosphate
C06319	1	1	0	0	7.02622679676428e-07	0	Precorrin_6Y
C06320	1	1	0	0	7.02622679676428e-07	0	Precorrin_6X
C06399	0	1	0	0	7.02590098397743e-07	0	Hydrogenobyrinate
C06406	1	0	0	0	7.02592072934678e-07	0	Precorrin_3B
C06408	1	0	0	0	7.02590098397743e-07	0	Precorrin_8X
C06416	0	1	0	0	7.02607869629705e-07	0	Precorrin_5
C06482	0	1	0	0	5.724917704308e-06	8.33333333333333e-05	L-Selenocysteinyl-tRNA(Sec)
C06506	1	1	0	0	5.58743497622546e-06	6.13572217449994e-05	Adenosyl_cobyrinate_a,c_diamide
C06614	1	1	0	0	5.84696162639085e-06	0.000119703136222169	trans-3-Chloroacrylic_acid
C06615	1	1	0	0	5.84696162639085e-06	0.000119703136222169	cis-3-Chloroacrylic_acid
C06714	0	1	0	0	6.98533289651718e-07	0	3-Hydroxypimeloyl-CoA
C06715	1	0	0	0	5.83325069561515e-06	0.000114207400639561	3-Oxopimeloyl-CoA
C06723	1	0	0	0	6.98533289651718e-07	0	6-Carboxyhex-2-enoyl-CoA
C06754	1	1	0	0	5.84696162639085e-06	0.000119703136222169	Chloroacetaldehyde
C06755	1	1	0	0	5.84696162639085e-06	0.000119703136222169	Chloroacetic_acid
C06899	1	0	0	0	5.79975757013357e-06	0.000102606197414324	Chloral_hydrate
C07086	0	1	0	0	5.82014585285507e-06	0.000109385254867644	Phenylacetic_acid
C07118	1	0	0	0	5.83325069561515e-06	0.000114207400639561	Benzoyl_acetyl-CoA
C07490	0	1	0	0	5.79975757013357e-06	0.000102606197414324	Trichloroethanol
C07645	1	0	0	0	5.79975757013357e-06	0.000102606197414324	Aldophosphamide
C07648	1	0	0	0	5.80346002286563e-06	0.000103777501037775	Thioguanine
C09306	0	1	0	0	5.81047396036095e-06	0.000106067034365719	Sulfur_dioxide
C09332	0	1	0	0	5.80029581508657e-06	0.000102774922918808	Tetrahydrofolyl-[Glu](2)
C09814	1	0	0	0	5.82014585285507e-06	0.000109385254867644	Benzonitrile
C11062	1	0	0	0	5.70206699928724e-06	7.8740157480315e-05	4-Hydroxybutyryl-CoA
C11538	0	1	0	0	6.92133008584526e-07	0	Cobalt-sirohydrochlorin
C11539	1	0	0	0	7.02592072934678e-07	0	Cobalt-precorrin_3
C11924	0	1	0	0	5.84696162639085e-06	0.000119703136222169	Perillic_acid
C11929	1	0	0	0	6.98533289651718e-07	0	Perillyl-CoA
C11934	0	1	0	0	6.98533289651718e-07	0	2-Hydroxy-4-isopropenylcyclohexane-1-carboxyl-CoA
C11948	1	0	0	0	5.83325069561515e-06	0.000114207400639561	2,6-Dimethyl-5-methylene-3-oxo-heptanoyl-CoA
C11949	0	1	0	0	5.83325069561515e-06	0.000114207400639561	3-Isopropylbut-3-enoyl-CoA
C12214	1	0	0	0	5.83352292282832e-06	0.000114311842706904	Aminofructose_6-phosphate
C12215	0	1	0	0	5.83352292282832e-06	0.000114311842706904	Iminoerythrose_4-phosphate
C12739	0	1	0	0	5.71732406364525e-06	8.17527795945062e-05	5'-Deoxy-5-fluorouridine
C13629	1	1	0	0	6.98533289651718e-07	0	1,2-Bis(4-hydroxyphenyl)-2-propanol
C13632	1	1	0	0	6.98533289651718e-07	0	4,4'-Dihydroxy-alpha-methylstilbene
C14086	1	0	0	0	6.98533289651718e-07	0	2-Hydroxy-3-methylbenzalpyruvate
C14087	0	1	0	0	6.98533289651718e-07	0	3-Methylsalicylaldehyde
C14089	2	0	0	0	5.8370641901949e-06	0.00011568718186025	1-Hydroxymethylnaphthalene
C14090	0	2	0	0	5.8370641901949e-06	0.00011568718186025	1-Naphthaldehyde
C14095	1	0	0	0	6.98533289651718e-07	0	2-Hydroxy-3-carboxybenzalpyruvate
C14096	0	1	0	0	6.98533289651718e-07	0	3-Formylsalicylic_acid
C14099	0	2	0	0	5.8370641901949e-06	0.00011568718186025	2-Naphthaldehyde
C14107	1	0	0	0	6.98533289651718e-07	0	2-Hydroxy-4-hydroxymethylbenzalpyruvate
C14108	0	1	0	0	6.98533289651718e-07	0	4-Hydroxymethylsalicylaldehyde
C14145	1	0	0	0	5.76438646752633e-06	9.25583117363939e-05	(3S)-3-Hydroxyadipyl-CoA
C14463	1	1	0	0	5.77097315920384e-06	9.42862530643032e-05	(R)-3-Hydroxy-3-methyl-2-oxopentanoate
C14818	1	0	0	0	6.90410815147337e-07	0	Fe2+
C14819	0	1	0	0	6.90410815147337e-07	0	Fe3+
C15532	1	0	0	0	5.7520520445669e-06	8.94774516821761e-05	N-Acetyl-L-citrulline
C15667	1	0	0	0	5.65473329450417e-06	7.05815923207228e-05	5-Carboxyamino-1-(5-phospho-D-ribosyl)imidazole
C15809	1	0	0	0	5.79767281413241e-06	0.000101957585644372	Iminoglycine
C15810	1	1	0	0	5.72760649052367e-06	8.39066957543212e-05	C15810
C15811	1	0	0	0	5.81527206750368e-06	0.000107688994184794	[Enzyme]-cysteine
C15973	2	0	0	0	5.85188869707698e-06	0.000121802679658953	Enzyme_N6-(dihydrolipoyl)lysine
C15980	1	1	0	0	5.76784426820476e-06	9.34579439252337e-05	(S)-2-Methylbutanoyl-CoA
C16074	1	0	0	0	5.82014585285507e-06	0.000109385254867644	Phenylacetonitrile
C16186	0	2	0	0	6.90985199788006e-07	0	L-Ascorbate_6-phosphate
C16216	1	0	0	0	5.76385486613447e-06	9.24214417744917e-05	3-Oxostearoyl-CoA
C16217	0	1	0	0	5.76385486613447e-06	9.24214417744917e-05	3-Hydroxyoctadecanoyl-CoA
C16237	0	1	0	0	6.90984722327789e-07	0	Protein_N6-(lipoyl)lysine
C16238	1	1	0	0	6.90984722327789e-07	0	Lipoyl-AMP
C16255	0	3	0	0	5.8601189604149e-06	0.000125470514429109	[Dihydrolipoyllysine-residue_acetyltransferase]_S-acetyldihydrolipoyllysine
C16272	2	0	0	0	5.77190582558455e-06	9.4535829079221e-05	3-Hydroxy-5-oxohexanoate
C16396	3	0	0	0	5.81439294830423e-06	0.000107388316151203	2,4-Diamino-6-nitrotoluene
C16399	0	3	0	0	5.81439294830423e-06	0.000107388316151203	2,4-Diamino-6-hydroxylaminotoluene
C16466	0	1	0	0	5.82760770875948e-06	0.000112082492714638	7-Methyl-3-oxo-6-octenoyl-CoA
C16551	0	1	0	0	5.79975757013357e-06	0.000102606197414324	Alcophosphamide
C16565	0	1	0	0	5.66511253746056e-06	7.22334585379948e-05	Aminopropylcadaverine
C16586	1	0	0	0	5.79975757013357e-06	0.000102606197414324	2-Phenyl-1,3-propanediol_monocarbamate
C16587	0	1	0	0	5.79975757013357e-06	0.000102606197414324	3-Carbamoyl-2-phenylpropionaldehyde
C16595	1	0	0	0	5.79975757013357e-06	0.000102606197414324	4-Hydroxy-5-phenyltetrahydro-1,3-oxazin-2-one
C16596	0	1	0	0	5.79975757013357e-06	0.000102606197414324	5-Phenyl-1,3-oxazinane-2,4-dione
C16614	1	0	0	0	5.80346002286563e-06	0.000103777501037775	6-Methylmercaptopurine
C16615	0	1	0	0	5.80346002286563e-06	0.000103777501037775	6-Methylthiopurine_5'-monophosphate_ribonucleotide
C16619	0	2	0	0	5.80359474658603e-06	0.000103820598006645	6-Thioguanosine_monophosphate
C16630	1	0	0	0	6.92712182936975e-07	0	5,6-Dihydro-5-fluorouracil
C16631	0	1	0	0	6.92712182936975e-07	0	alpha-Fluoro-beta-ureidopropionic_acid
C16633	1	0	0	0	5.72458997624295e-06	8.32639467110741e-05	5-Fluorouridine
C16634	0	1	0	0	5.72458997624295e-06	8.32639467110741e-05	5-Fluorouridine_monophosphate
C16635	1	0	0	0	5.71732406364525e-06	8.17527795945062e-05	5'-Deoxy-5-fluorocytidine
C16698	0	2	0	0	5.72747527162551e-06	8.38785438684784e-05	N-Acetylmuramic_acid_6-phosphate
C17551	0	1	0	0	6.91559584428015e-07	0	2-Polyprenyl-6-hydroxyphenol
C18096	0	1	0	0	5.78325516300105e-06	9.76753272123462e-05	D-Allulose_6-phosphate
C18239	0	2	0	0	5.78941579005263e-06	9.94629003381739e-05	Precursor_Z
C18902	1	0	0	0	5.74689523984667e-06	8.82456759618779e-05	Methylselenic_acid
C19673	1	0	0	0	5.76385486613447e-06	9.24214417744917e-05	Malonyl-[acp]_methyl_ester
C20374	0	1	0	0	5.69641524588576e-06	7.76759359950287e-05	Enoylglutaryl-[acp]_methyl_ester
C20375	1	0	0	0	5.76385486613447e-06	9.24214417744917e-05	Glutaryl-[acp]_methyl_ester
C20378	0	1	0	0	5.69641524588576e-06	7.76759359950287e-05	Enoylpimeloyl-[acp]_methyl_ester
C20396	4	0	0	0	6.95601848631473e-07	0	Methylphosphonate
C20589	0	4	0	0	6.92136840990559e-07	0	D-Glucosaminate-6-phosphate
